transition_id,cik,coname,classification,succ_total,succ_salary,succ_name_parsed,succ_accession,succ_status,pred_total,pred_salary,pred_name_parsed,pred_accession,pred_status,comp_ratio_succ_over_pred
1323,37785,FMC CORP,external,,,"PIERRE BRONDEAU President, Chief Executive Officer and Chairman of the Board",0001193125-11-071784,ok,,,"WILLIAM G. WALTER Chairman, President and Chief Executive Officer",0001193125-10-061170,ok,
4158,1465112,DIRECTV,external,,,Michael White,0001047469-11-002290,ok,,,Larry D. Hunter,0001047469-10-003963,ok,
8488,1035267,INTUITIVE SURGICAL INC,internal,,,"Gary S. Guthart, President and Chief Executive Officer",0001193125-11-052353,ok,,,"Lonnie M. Smith,",0001193125-10-042962,ok,
3370,93751,STATE STREET CORP,internal,,,"Joseph L. Hooley Chairman, President and Chief Executive Officer",0001193125-12-151750,ok,,,Ronald E. Logue5 Chief Executive Officer,0001193125-10-077459,ok,
1379,1281761,REGIONS FINANCIAL CORP,internal,,,"O. B. Grayson Hall, Jr.",0001193125-12-134446,ok,,,C. Dowd Ritter,0001193125-10-073976,ok,
1593,42582,GOODYEAR TIRE & RUBBER CO,internal,,,"Richard J. Kramer Chairman of the Board, Chief Executive Officer and President(6)",0001193125-12-109691,ok,,,,0000950123-10-022110,ceo-row-not-found,
1294,33213,EQT CORP,internal,,,"David L. Porges  Chairman, President and  Chief Executive Officer",0001104659-12-014777,ok,,,Murry S. Gerber,0001104659-10-012258,ok,
3553,50104,ANDEAVOR,external,,,Gregory J. Goff President and Chief Executive Officer,0001193125-12-127493,ok,,,,0000950123-10-035655,ceo-row-not-found,
537,14272,BRISTOL-MYERS SQUIBB CO,internal,,,Lamberto Andreotti,0001193125-12-123606,ok,,,James M. Cornelius,0001193125-10-063270,ok,
959,201533,CMS ENERGY CORP,internal,,,,,no-proxy-for-year,,,,,no-proxy-for-year,
697,18230,CATERPILLAR INC,internal,,,Douglas R. Oberhelman,0000018230-12-000229,ok,,,"Equity  Each year,  the Compensation Committee benchmarks against the CCCG to determine a  competitive equity award for each salary grade, including  NEOs. Our process benchmarks total equity value for all salary  grades. Consistent with the Company’s compensation philosophy,  individuals at higher levels receive a greater proportion of total pay in  the form of equity.  In February  2009, the Compensation Committee approved the 2009 equity design, which  consisted of a mix of SARs and RSUs. This equity design  supports our Pay for  Performance and Pay at Risk  philosophy. RSUs represent actual shares of stock and therefore  carry less risk than SARs.  The  Compensation Committee has the discretion to make positive or negative  adjustments to equity awards based on a subjective assessment of an  individual’s performance, provided these adjustments do not increase the  total number of awards issued to employees.  At the  February 2009 Compensation Committee meeting, Mr. Owens discussed his  recommendations with respect to standard equity award adjustments for all  NEOs, other than himself. Equity award adjustments were made  and were based upon individual performance (discussed in the “Other NEOs  Compensation Decisions” section of this CD&A). NEO equity  grants, other than Mr. Owens’, ranged from 71,176 to 166,252 SARs and  4,449 to 7,335 RSUs. At the February 2009 Board meeting, the  Chairman of the Compensation Committee, Mr. Goode, in consultation with  the Board and in accordance with the following “Annual Equity Grant  Timing” section, established the equity award for Mr. Owens based on  exceptional performance (discussed in “Compensation Decisions – Chairman  and CEO Compensation Decisions – Equity Grant for 2010” section of this  CD&A). Accordingly, for the 2009 equity grant, Mr. Owens  received 504,180 SARs and 20,152 RSUs.",0000018230-10-000209,ok,
8661,1326380,GAMESTOP CORP,internal,,,J. Paul Raines,0001193125-12-225064,ok,,,,0000950123-10-050895,ceo-row-not-found,
5819,875045,BIOGEN INC,internal,,,Chief Executive Officer,0001193125-12-191025,ok,,,,0000950123-10-039661,ceo-row-not-found,
4871,1090012,DEVON ENERGY CORP,external,,,Chief Executive Officer,0001193125-12-179272,ok,,,,0000950123-10-039593,ceo-row-not-found,
4579,816284,CELGENE CORP,internal,,,"Chief Executive Officer, President and Chairman of the Board(6)",0001193125-12-196659,ok,,,,0000950123-10-041867,ceo-row-not-found,
3017,751652,QUESTAR CORP,internal,,,Ronald W. Jibson,0001193125-12-138676,ok,,,"Keith O. Rattie 8 Chairman of the Board, President & Chief Executive Officer",0001193125-10-078209,ok,
8877,1141391,MASTERCARD INC,external,,,Ajay Banga,0001193125-12-179093,ok,,,Robert W. Selander,0001193125-10-171970,ok,
2807,723531,PAYCHEX INC,internal,,,Martin Mucci,0001193125-12-391805,ok,,,Jonathan J. Judge,0000950123-10-083775,ok,
477,12659,BLOCK H & R INC,external,,,,0001193125-12-325861,ok,,,,0000950123-10-077398,ceo-row-not-found,
3477,350563,TECO ENERGY INC,internal,,,John B. Ramil President and Chief Executive Officer,0001193125-12-114072,ok,,,Sherrill W. Hudson Chairman and Chief Executive Officer,0001193125-10-059408,ok,
1713,47217,HP INC,external,,,President and Chief Executive Officer,0001047469-12-000593,ok,,,"Mark V. Hurd Chairman of the Board, Chief Executive Officer and President",0001047469-10-000369,ok,
9121,1365135,WESTERN UNION CO,internal,,,Hikmet Ersek(4),0001193125-12-156224,ok,,,Christina A. Gold,0001193125-10-070793,ok,
1082,936340,DTE ENERGY CO,internal,,,"Gerard M. Anderson,",0001193125-12-116356,ok,,,,0000950123-10-029205,ceo-row-not-found,
3949,36270,WILMINGTON TRUST CORP,external,,,Chairman of the Board and Chief Executive Officer of M&T Bank Corporation and M&T Bank,0001193125-12-099751,ok,,,,0000950123-10-021272,ceo-row-not-found,
4804,800240,OFFICE DEPOT INC,external,,,Neil Austrian (5)  Chief Executive Officer,0001193125-12-117334,ok,,,,0001193125-10-054017,ceo-row-not-found,
3252,90185,SIGMA-ALDRICH CORP,internal,,,Rakesh Sachdev President and CEO,0001193125-12-109841,ok,,,"President, CEO, Chairman",0001193125-10-056895,ok,
3304,92122,SOUTHERN CO,internal,,,"Thomas A. Fanning Chairman, President, and Chief Executive Officer",0000092122-12-000053,ok,,,,0000092122-10-000028,ceo-row-not-found,
2859,78003,PFIZER INC,internal,,,I. Read Chairman and Chief Executive Officer*,0001193125-12-117131,ok,,,,0001193125-10-057949,ceo-row-not-found,
5656,873364,CEPHALON INC,internal,,,,,no-proxy-for-year,,,"Frank Baldino, Jr., Ph.D.",0001047469-10-003126,ok,
8578,37748,MASSEY ENERGY CO,internal,,,,,no-proxy-for-year,,,,0001193125-10-209040,ceo-row-not-found,
7253,1000180,SANDISK CORP,internal,,,"Sanjay Mehrotra,",0001193125-12-195956,ok,,,"Dr. Eli Harari,",0001193125-10-090192,ok,
3936,107263,WILLIAMS COS INC,internal,,,Alan S. Armstrong,0001193125-12-151609,ok,,,,0000950123-10-033162,ceo-row-not-found,
2345,310158,MERCK & CO,internal,,,"Kenneth C. Frazier,",0001193125-12-160767,ok,,,"Richard T. Clark,",0001193125-11-096556,ok,
8078,1060391,REPUBLIC SERVICES INC,internal,,,Donald W. Slager,0001193125-12-152112,ok,,,,0000950123-11-031647,ceo-row-not-found,
4830,20286,CINCINNATI FINANCIAL CORP,internal,,,Steven J. Johnston,0001144204-12-015510,ok,,,,0001144204-11-015735,ceo-row-not-found,
2453,68505,MOTOROLA SOLUTIONS INC,internal,,,Gregory Q. Brown,0001193125-13-111188,ok,,,President and Chief Executive Officer,0001193125-11-066627,ok,
2672,797468,OCCIDENTAL PETROLEUM CORP,internal,,,,0000797468-13-000018,ceo-row-not-found,,,"Ray R. Irani, Chairman and Chief Executive Officer",0000797468-11-000028,ok,
45,2488,ADVANCED MICRO DEVICES,external,,,Rory P. Read(7),0001193125-13-124372,ok,,,Derrick R. Meyer(6),0001193125-11-062274,ok,
10384,1457543,CAREFUSION CORP,external,,,Kieran T. Gallahue Chairman and CEO,0001193125-13-380068,ok,,,Kieran T. Gallahue Chairman and CEO,0001193125-11-253686,ok,
1444,1124198,FLUOR CORP,internal,,,,0001047469-13-002655,ceo-row-not-found,,,,0001047469-11-002149,ceo-row-not-found,
2007,1310067,SEARS HOLDINGS CORP,external,,,Chief Executive Officer,0001193125-13-132309,ok,,,W. Bruce Johnson,0001193125-11-092836,ok,
8253,1275283,REYNOLDS AMERICAN INC,internal,,,Daniel M. Delen,0001193125-13-121267,ok,,,,0000950123-11-029149,ceo-row-not-found,
2331,64803,CVS HEALTH CORP,internal,,,Larry J. Merlo President and Chief Executive Officer,0001193125-13-133747,ok,,,Thomas M. Ryan Chairman of the Board and Chief Executive Officer,0001193125-11-082231,ok,
7261,1001288,LEXMARK INTL INC -CL A,internal,,,P.A. Rooke(7),0001193125-13-107398,ok,,,,0000950123-11-025184,ceo-row-not-found,
8879,1274057,HOSPIRA INC,external,,,"F. Michael Ball(4),",0001047469-13-003656,ok,,,"Christopher B. Begley,",0001047469-11-002740,ok,
8882,1652044,ALPHABET INC,internal,,,,,no-proxy-for-year,,,,,no-proxy-for-year,
3519,1018963,ALLEGHENY TECHNOLOGIES INC,internal,,,Richard J. Harshman(1),0001193125-13-118475,ok,,,,0000950123-11-023648,ceo-row-not-found,
7360,1020569,IRON MOUNTAIN INC,internal,,,C. Richard Reese,0001047469-13-004771,ok,,,Robert T. Brennan,0001047469-11-004349,ok,
2324,1613103,MEDTRONIC PLC,external,,,,,no-proxy-for-year,,,,,no-proxy-for-year,
2759,1004980,PG&E CORP,external,,,"Anthony F. Earley, Jr.",0001047469-13-003303,ok,,,"Peter A. Darbee Chairman, Chief Executive Officer, and President, PG&E Corporation (NEO of both PG&E Corporation and the Utility)",0001047469-11-002875,ok,
3284,91576,KEYCORP,internal,,,Beth E. Mooney  Chairman and Chief  Executive Officer(1),0001193125-13-134261,ok,,,,0000950123-11-032786,ceo-row-not-found,
7974,1050915,QUANTA SERVICES INC,internal,,,James F. ONeil III(5),0001193125-13-151942,ok,,,John R. Colson,0001193125-11-090762,ok,
8462,1099219,METLIFE INC,internal,,,"Steven A. Kandarian,",0001193125-13-121092,ok,,,,0000950123-11-029465,ceo-row-not-found,
478,12659,BLOCK H & R INC,external,,,,0001193125-13-307413,ok,,,,0000950123-11-071369,ceo-row-not-found,
1707,47111,HERSHEY CO,internal,,,J. P. Bilbrey President and CEO,0001193125-13-114642,ok,,,D. J. West  President and  Chief Executive  Officer,0001193125-11-066689,ok,
6275,859014,COMPUWARE CORP,internal,,,,,no-proxy-for-year,,,,0000950123-11-065598,ceo-row-not-found,
2767,1032208,SEMPRA ENERGY,internal,,,Debra L. Reed Chairman and Chief Executive Officer,0001308179-13-000098,ok,,,Donald E. Felsinger,0001193125-11-081049,ok,
2569,814453,NEWELL BRANDS INC,external,,,"Michael B. Polk, President and Chief Executive Officer",0001193125-13-132259,ok,,,"Mark D. Ketchum,",0001193125-11-086649,ok,
649,16732,CAMPBELL SOUP CO,internal,,,Denise M. Morrison,0001193125-13-391630,ok,,,,0000950123-11-089214,ceo-row-not-found,
419,732712,VERIZON COMMUNICATIONS INC,internal,,,Lowell C. McAdam,0001193125-13-112283,ok,,,Ivan G. Seidenberg,0001193125-11-072480,ok,
7959,1014473,VERISIGN INC,internal,,,D. James Bidzos(5),0001014473-13-000018,ok,,,Mark D. McLaughlin(5),0001193125-11-096318,ok,
2618,72903,XCEL ENERGY INC,internal,,,"Benjamin G.S. Fowke III Chairman, President & CEO",0001193125-13-145419,ok,,,Richard C. Kelly,0001193125-11-089288,ok,
245,320193,APPLE INC,internal,,,Timothy Cook Chief Executive Officer,0001193125-13-005529,ok,,,Steven P. Jobs Chief Executive Officer,0001193125-11-003231,ok,
1714,47217,HP INC,external,,,Margaret C. Whitman,0001047469-13-000585,ok,,,"Mark V. Hurd(9) Former Chairman of the Board, Chief Executive Officer and President",0001047469-11-000421,ok,
5724,874761,AES CORP,internal,,,,0001193125-13-090034,ceo-row-not-found,,,"Paul Hanrahan,",0001193125-11-053866,ok,
413,10795,BECTON DICKINSON & CO,internal,,,Vincent A. Forlenza,0001193125-13-478579,ok,,,,0001193125-11-349973,ceo-row-not-found,
1497,39899,TEGNA INC,internal,,,Gracia C. Martore (President and Chief  Executive Officer),0001193125-13-122321,ok,,,Craig A. Dubow (Chairman and CEO),0001193125-11-076593,ok,
125,789073,BEAM INC,internal,,,Matthew J. Shattock,0001193125-13-101404,ok,,,Bruce A. Carbonari(8),0001193125-11-057854,ok,
6097,885725,BOSTON SCIENTIFIC CORP,internal,,,William H. Kucheman*,0001047469-13-003410,ok,,,,0000950123-11-029806,ceo-row-not-found,
9131,1274494,FIRST SOLAR INC,external,,,James A. Hughes(5),0001193125-13-149355,ok,,,,0000950123-11-035196,ceo-row-not-found,
227,1163739,NABORS INDUSTRIES LTD,internal,,,Anthony G. Petrello,0001047469-13-005209,ok,,,,0000950123-11-041482,ceo-row-not-found,
1801,216228,ITT INC,internal,,,Denise L. Ramos,0001193125-13-128057,ok,,,"Steven R. Loranger,",0000950123-11-030185,ok,
307,8670,AUTOMATIC DATA PROCESSING,internal,,,Carlos A.  Rodriguez,0001206774-13-003394,ok,,,,0001206774-11-002126,ceo-row-not-found,
142,4904,AMERICAN ELECTRIC POWER CO,internal,,,Nicholas K. Akins,0001193125-13-103112,ok,,,Michael G. Morris,0001193125-11-064957,ok,
2829,922224,PPL CORP,internal,,,William H. Spence,0001193125-13-142024,ok,,,,0000950123-11-033290,ok,
3174,754737,SCANA CORP,internal,,,"K. B. Marsh, Chief Executive Officer, President and Chief Operating Officer",0001193125-13-123597,ok,,,"W. B. Timmerman,",0001193125-11-065103,ok,
1026,26172,CUMMINS INC,internal,,,"T. Linebarger, Chairman and",0001047469-13-003683,ok,,,"T. M. Solso, Chairman and CEO",0001047469-11-002509,ok,
2268,63276,MATTEL INC,internal,,,Bryan G. Stockton,0001193125-13-126344,ok,,,Robert A. Eckert,0001193125-11-083060,ok,
10467,915912,AVALONBAY COMMUNITIES INC,internal,,,Tim Naughton,0001188112-13-001017,ok,,,Bryce Blair,0001047469-11-002900,ok,
2172,315852,RANGE RESOURCES CORP,internal,,,Jeffrey L. Ventura President & CEO,0001308179-13-000178,ok,,,John H. Pinkerton Chairman & CEO,0001308179-12-000077,ok,
6644,909832,COSTCO WHOLESALE CORP,internal,,,W. Craig Jelinek,0000909832-13-000007,ok,,,President and Chief Executive Officer,0001193125-12-501874,ok,
1881,51143,INTL BUSINESS MACHINES CORP,internal,,,V.M. Rometty(11),0001104659-13-019165,ok,,,S.J. Palmisano(11),0001104659-12-017475,ok,
6682,912615,URBAN OUTFITTERS INC,internal,,,Richard A. Hayne,0001193125-14-126074,ok,,,CEO and President,0001193125-12-145959,ok,
2372,723125,MICRON TECHNOLOGY INC,internal,,,D. Mark Durcan,0000723125-14-000223,ok,,,Chief Executive Officer,0000723125-12-000169,ok,
3407,310764,STRYKER CORP,internal,,,Kevin A. Lobo,0000310764-14-000058,ok,,,Stephen P. MacMillan,0001193125-12-120681,ok,
2399,66740,3M CO,internal,,,Chief Executive Officer,0001047469-14-002977,ok,,,Chief Executive Officer,0001047469-12-003038,ok,
3426,95304,SUNOCO INC,internal,,,,,no-proxy-for-year,,,"L. L. Elsenhans Chairman, Chief Executive Officer and President",0001193125-12-119027,ok,
2784,75829,PALL CORP,external,,,,0001206774-14-003185,ceo-row-not-found,,,,0001206774-12-004519,ceo-row-not-found,
1242,31978,EL PASO ELECTRIC CO,external,,,,0001206774-14-001286,ceo-row-not-found,,,David W. Stevens,0001193125-12-172096,ok,
3697,100885,UNION PACIFIC CORP,internal,,,John J. Koraleski,0001193125-14-125629,ok,,,"James R. Young  Chairman,  President & CEO (f)",0001193125-12-132132,ok,
920,1688568,DXC TECHNOLOGY COMPANY,external,,,,,no-proxy-for-year,,,,,no-proxy-for-year,
6629,1048286,MARRIOTT INTL INC,internal,,,Arne M. Sorenson,0001193125-14-131393,ok,,,"J.W. Marriott, Jr.",0001193125-12-143246,ok,
443,764478,BEST BUY CO INC,external,,,Hubert Joly(5)President and Chief Executive Officer,0000764478-14-000014,ok,,,Brian J. Dunn(6)Former Chief Executive Officer,0000764478-12-000042,ok,
319,8868,AVON PRODUCTS,external,,,Sheri McCoy,0001193125-14-118067,ok,,,Andrea Jung  Chairman & Chief  Executive Officer,0001193125-12-148242,ok,
1977,200406,JOHNSON & JOHNSON,internal,,,Alex Gorsky(1),0001193125-14-094846,ok,,,William C. Weldon,0001193125-12-113826,ok,
8860,1276520,GENWORTH FINANCIAL INC,external,,,Thomas J. McInerney President and Chief Executive Officer,0001193125-14-130782,ok,,,"Michael D. Fraizer Chairman of the Board, President and Chief Executive Officer",0001193125-12-149139,ok,
8757,1156375,CME GROUP INC,internal,,,Phupinder S. Gill CEO (6),0001193125-14-129728,ok,,,,0001193125-12-155327,ceo-row-not-found,
7668,1022079,QUEST DIAGNOSTICS INC,external,,,Stephen H. Rusckowski,0000930413-14-001646,ok,,,Surya N. Mohapatra,0000930413-12-001870,ok,
4082,773910,ANADARKO PETROLEUM CORP,internal,,,"R. A. Walker(5) Chairman, President and Chief Executive Officer",0001193125-14-110525,ok,,,James T. Hackett,0001193125-12-130006,ok,
2874,764180,ALTRIA GROUP INC,internal,,,"Martin J. Barrington,",0001193125-14-128947,ok,,,"Michael E. Szymanczyk,",0001193125-12-151138,ok,
195,318154,AMGEN INC,internal,,,"Robert A. Bradway  Chairman of the Board, Chief Executive Officer and President",0001193125-14-129786,ok,,,Kevin W. Sharer,0001193125-12-160159,ok,
2879,1163165,CONOCOPHILLIPS,internal,,,R.M. Lance,0001193125-14-119770,ok,,,J.J. Mulva Chairman & CEO,0001193125-12-134887,ok,
9031,1336920,LEIDOS HOLDINGS INC,external,,,John P. Jumper (7) Chief Executive Officer,0001193125-14-160120,ok,,,Walter P. Havenstein (6) Former Chief Executive Officer,0001193125-12-191730,ok,
2461,717423,MURPHY OIL CORP,internal,,,President and Chief Executive Officer,0001193125-14-108752,ok,,,David M. Wood,0001193125-12-138415,ok,
2299,63908,MCDONALD'S CORP,internal,,,Donald Thompson,0001193125-14-140308,ok,,,James A. Skinner,0001193125-12-162053,ok,
4391,804212,AIRGAS INC,internal,,,Michael L. Molinini(9),0001193125-14-261808,ok,,,Peter McCausland,0001193125-12-296981,ok,
3800,203527,VARIAN MEDICAL SYSTEMS INC,internal,,,Dow R. Wilson,0001193125-14-456296,ok,,,Timothy E. Guertin,0001193125-12-518226,ok,
7402,931336,DEAN FOODS CO,internal,,,Gregg A. Tanner,0001193125-14-139630,ok,,,Gregg L. Engles,0001193125-12-161661,ok,
1816,49826,ILLINOIS TOOL WORKS,internal,,,E. Scott Santi,0001193125-14-110559,ok,,,David B. Speer,0001193125-12-125262,ok,
889,831001,CITIGROUP INC,internal,,,,0001206774-14-000849,ceo-row-not-found,,,Vikram Pandit,0001193125-12-104047,ok,
9271,1403161,VISA INC,external,,,Charles W. Scharf Chief Executive Officer,0001193125-14-441290,ok,,,Joseph W. Saunders Chairman and Chief Executive Officer*,0001193125-12-504140,ok,
6098,885725,BOSTON SCIENTIFIC CORP,internal,,,Michael F. Mahoney,0001047469-14-002942,ok,,,William H. Kucheman(8),0001047469-12-003392,ok,
9482,1138118,CBRE GROUP INC,internal,,,Robert E. Sulentic,0001193125-14-125971,ok,,,Brett White,0001193125-12-129724,ok,
6588,908255,BORGWARNER INC,internal,,,James R. Verrier (3),0000908255-14-000022,ok,,,Timothy M. Manganello,0000908255-12-000023,ok,
6615,1418135,KEURIG DR PEPPER INC,external,,,President & CEO,0001104659-14-021992,ok,,,President & CEO,0001047469-12-003515,ok,
8377,1086222,AKAMAI TECHNOLOGIES INC,internal,,,Chief Executive Officer,0001193125-14-128020,ok,,,Paul Sagan President and CEO,0001193125-12-150076,ok,
1521,40533,GENERAL DYNAMICS CORP,internal,,,Phebe N. Novakovic Chairman and Chief Executive Officer,0001193125-14-103696,ok,,,Jay L. Johnson Chairman and Chief Executive Officer,0001193125-12-118907,ok,
8579,1121788,GARMIN LTD,internal,,,Clifton A. Pemble,0001308179-14-000179,ok,,,,0001144204-12-021681,ceo-row-not-found,
6382,49071,HUMANA INC,internal,,,"Bruce D. Broussard, President and Chief Executive Officer (5)",0001193125-14-090547,ok,,,"Michael B. McCallister, Chairman & Chief Executive Officer (4)",0001193125-12-096218,ok,
3123,85961,RYDER SYSTEM INC,internal,,,Robert E. Sanchez,0000085961-14-000019,ok,,,Gregory T. Swienton,0000085961-13-000014,ok,
3905,106535,WEYERHAEUSER CO,external,,,Doyle R. Simons President and Chief Executive Officer,0001193125-14-065372,ok,,,D.S. Fulton President and Chief Executive Officer,0001193125-13-076436,ok,
2910,78814,PITNEY BOWES INC,external,,,Marc B. Lautenbach President and Chief Executive Officer,0000930413-14-001458,ok,,,"The committee is responsible for determining the compensation for all NEOs, other than the CEO, and for recommending to the board of directors each specific element of compensation for the CEO. Recommendations from the CEO are taken into account by the committee. The independent board members are responsible for determining the CEOs compensation. No member of the management team, including the CEO, has a role in determining his or her own compensation. For each NEO, the committee sets target total direct compensation levels so the base salary, total cash compensation, and total direct compensation is at +/ 20% of the median of the competitive data based on the Towers Watson General Industry Executive Compensation Survey Report, as regressed for companies approximately our size (Towers Watson Regressed Compensation Report) and as described in more detail under Assessing Competitive Practice  Benchmarking beginning on page 59 of this proxy statement), for each position. For 2012, the total target cash compensation (base salary plus annual incentive) and total target direct compensation (base salary plus annual incentive plus long-term incentive) for Mr. Lautenbach was 82% and 101%, respectively, of the market median for chief executive officers in the Towers Watson Regressed Compensation Report. For the NEOs as a group, excluding our former CEO, the average total target cash compensation and total direct compensation was 93% and 106%, respectively, of the market median in the Towers Watson Regressed Compensation Report.",0000930413-13-001828,ok,
2658,73309,NUCOR CORP,internal,,,John J. Ferriola,0001193125-14-114117,ok,,,Daniel R. DiMicco,0001193125-13-128184,ok,
2380,65984,ENTERGY CORP,internal,,,Leo P. Denault,0000065984-14-000105,ok,,,J. Wayne Leonard,0000065984-13-000064,ok,
8204,1075531,BOOKING HOLDINGS INC,external,,,"President, Chief Executive",0001075531-14-000018,ok,,,Jeffery H. Boyd,0001075531-13-000020,ok,
7534,861878,STERICYCLE INC,internal,,,Charles A. Alutto(4)(5)(6) President and Chief Executive Officer,0001193125-14-139917,ok,,,Mark C. Miller(4) Chairman of the Board and Chief Executive Officer,0001193125-13-150852,ok,
3889,106040,WESTERN DIGITAL CORP,external,,,Stephen D. Milligan,0001193125-14-350255,ok,,,President and Chief Executive Officer,0001193125-13-382437,ok,
2164,936468,LOCKHEED MARTIN CORP,internal,,,Marillyn A. Hewson President and Chief Executive Officer,0001308179-14-000062,ok,,,Robert J. Stevens Chairman & Chief Executive Officer,0001308179-13-000050,ok,
7361,1020569,IRON MOUNTAIN INC,external,,,William L. Meaney(8),0001047469-15-003454,ok,,,C. Richard Reese,0001047469-13-004771,ok,
3201,1012100,SEALED AIR CORP,external,,,Jerome A. Peribere,0001193125-15-117069,ok,,,William V. Hickey Chairman and Chief Executive Officer,0001193125-13-143313,ok,
6476,898293,JABIL INC,internal,,,Mark T. Mondello Chief Executive Officer,0001193125-15-398278,ok,,,Chief Executive Officer,0001193125-13-475281,ok,
2575,1164727,NEWMONT MINING CORP,internal,,,President and Chief Executive Officer,0001193125-15-078993,ok,,,Chief Executive,0001193125-13-096228,ok,
203,6281,ANALOG DEVICES,internal,,,"Vincent T. Roche,",0001193125-15-024609,ok,,,Jerald G. Fishman,0001193125-13-031061,ok,
5069,712515,ELECTRONIC ARTS INC,internal,,,ANDREW WILSON,0001193125-15-237104,ok,,,JOHN S. RICCITIELLO(14),0001193125-13-259589,ok,
3816,899689,VORNADO REALTY TRUST,internal,,,Steven Roth,0001047469-15-003360,ok,,,Michael D. Fascitelli,0001047469-13-004310,ok,
9327,1452575,MEAD JOHNSON NUTRITION CO,internal,,,Peter Kasper Jakobsen,0001047469-15-002572,ok,,,Stephen W. Golsby,0001047469-13-003286,ok,
9280,1413329,PHILIP MORRIS INTERNATIONAL,internal,,,"André Calantzopoulos, Chief Executive Officer",0001193125-15-105808,ok,,,"Louis C. Camilleri, Chairman and Chief Executive Officer",0001193125-13-130504,ok,
3152,86144,SAFEWAY INC,internal,,,,,no-proxy-for-year,,,"Steven A. Burd,Chairman andChief Executive Officer1",0000086144-13-000019,ok,
1856,50863,INTEL CORP,internal,,,Brian M. Krzanich,0001193125-15-116412,ok,,,Paul S. Otellini,0001193125-13-138873,ok,
6533,354908,FLIR SYSTEMS INC,internal,,,Andrew C. Teich,0000354908-15-000019,ok,,,Chief Executive Officer,0000354908-13-000009,ok,
2963,80424,PROCTER & GAMBLE CO,external,,,A. G. Lafley6,0001193125-15-305662,ok,,,"Chairman of the Board, President and Chief Executive Officer",0001193125-13-344447,ok,
5318,1032033,SLM CORP,internal,,,Chairman and Chief Executive Officer,0001193125-15-155653,ok,,,Albert L. Lord,0001193125-13-161950,ok,
6570,863157,PETSMART INC,internal,,,,,no-proxy-for-year,,,,0001206774-13-001726,ceo-row-not-found,
5025,821189,EOG RESOURCES INC,internal,,,William R. Thomas Chairman of the Board and Chief Executive Officer,0001193125-15-098865,ok,,,Mark G. Papa,0001193125-13-129613,ok,
1178,1326160,DUKE ENERGY CORP,internal,,,Lynn J. Good,0001047469-15-002795,ok,,,Chief Executive Officer,0001047469-13-003168,ok,
2236,101778,MARATHON OIL CORP,external,,,Lee M. Tillman,0001047469-15-002402,ok,,,,0001104659-13-017995,ceo-row-not-found,
8288,1043604,JUNIPER NETWORKS INC,external,,,,0001206774-15-001190,ok,,,,0001206774-13-001372,ceo-row-not-found,
8633,1137411,ROCKWELL COLLINS,internal,,,"Robert K. Ortberg, Chairman, President and CEO",0001137411-15-000141,ok,,,"Robert K. Ortberg, Chief Executive Officer and President",0001137411-13-000206,ok,
2462,717423,MURPHY OIL CORP,internal,,,Roger W. Jenkins,0001193125-15-107786,ok,,,President and Chief Executive Officer,0001193125-13-120582,ok,
5662,1163302,UNITED STATES STEEL CORP,internal,,,,0001552781-15-000316,ceo-row-not-found,,,Chairman of the Board & Chief Executive Officer,0001193125-13-109794,ok,
249,6951,APPLIED MATERIALS INC,internal,,,Gary E. Dickerson,0001193125-15-052859,ok,,,Michael R. Splinter,0001193125-13-019348,ok,
1981,833444,JOHNSON CONTROLS INTL PLC,internal,,,George R. Oliver Chief Executive Officer,0001193125-15-006384,ok,,,,0001047469-13-000246,ceo-row-not-found,
9457,1524472,XYLEM INC,external,,,Patrick K. Decker,0001193125-15-103294,ok,,,Gretchen W. McClain,0001193125-13-128197,ok,
1458,38074,FOREST LABORATORIES -CL A,external,,,,,no-proxy-for-year,,,"Howard Solomon,",0001140361-13-027626,ok,
2305,64040,S&P GLOBAL INC,internal,,,Douglas L. Peterson,0001193125-15-096277,ok,,,H. McGraw III,0001193125-13-118720,ok,
832,764065,CLEVELAND-CLIFFS INC,external,,,"Lourenco Goncalves (8)Chairman, President & CEO",0000764065-15-000063,ok,,,Joseph A. Carrabba,0001308179-13-000149,ok,
4396,801898,JOY GLOBAL INC,internal,,,,0000801898-15-000002,ceo-row-not-found,,,Michael W. Sutherlin Chief Executive Officer,0001193125-13-033876,ok,
2077,56873,KROGER CO,internal,,,●,0001206774-15-001665,ok,,,,0001206774-13-001818,ceo-row-not-found,
1771,1130310,CENTERPOINT ENERGY INC,internal,,,Scott M. Prochazka,0001193125-15-091435,ok,,,David M. McClanahan,0001193125-13-109838,ok,
9425,1518832,WPX ENERGY INC,external,,,Richard E. Muncrief,0001193125-15-113672,ok,,,Ralph A. Hill,0001193125-13-143021,ok,
9146,1377013,TIME WARNER CABLE INC,internal,,,Robert D. Marcus(6),0001193125-15-192092,ok,,,Glenn A. Britt(6),0001193125-14-167273,ok,
8992,1324404,CF INDUSTRIES HOLDINGS INC,internal,,,W. Anthony Will,0001047469-15-003137,ok,,,President and Chief Executive Officer,0001047469-14-003385,ok,
8538,1116132,TAPESTRY INC,internal,,,"Victor Luis, Chief Executive Officer",0001567619-15-001265,ok,,,Chief Executive Officer,0001206774-14-002935,ok,
6740,915389,EASTMAN CHEMICAL CO,internal,,,Mark J. Costa,0001193125-15-104274,ok,,,James P. Rogers,0001193125-14-109755,ok,
1739,354950,HOME DEPOT INC,internal,,,"Craig A. Menear Chairman, Chief Executive Officer & President",0001193125-16-529376,ok,,,Francis S. Blake,0001193125-14-133653,ok,
1537,1467858,GENERAL MOTORS CO,internal,,,,0001308179-16-000367,ceo-row-not-found,,,Daniel F. Akerson,0001467858-14-000130,ok,
2709,1039684,ONEOK INC,internal,,,,0001193125-16-530741,ceo-row-not-found,,,John W. Gibson,0001193125-14-125966,ok,
3831,104169,WALMART INC,internal,,,,0001308179-16-000359,ceo-row-not-found,,,"Michael T. Duke,",0001308179-14-000196,ok,
4129,789019,MICROSOFT CORP,internal,,,Satya Nadella  Chief Executive Officer and Director,0001193125-16-740758,ok,,,Satya Nadella  Chief Executive Officer and Director,0001193125-14-376415,ok,
2256,62996,MASCO CORP,internal,,,Keith J. Allman,0001193125-16-516931,ok,,,Timothy Wadhams,0001193125-14-120890,ok,
7612,1021860,NATIONAL OILWELL VARCO INC,internal,,,"Clay C. Williams Chairman, President & Chief Executive Officer",0001193125-16-537009,ok,,,"Merrill A. Miller, Jr.",0001193125-14-138559,ok,
1313,746515,EXPEDITORS INTL WASH INC,internal,,,Jeffrey S. Musser (1),0001193125-16-516424,ok,,,Peter J. Rose(1) Chairman and Chief Executive Officer,0000746515-14-000006,ok,
5929,804328,QUALCOMM INC,internal,,,Steve MollenkopfChief Executive Officer (8),0001234452-16-000341,ok,,,"Paul E. Jacobs, Chairman and Chief Executive Officer (1)",0001193125-14-013182,ok,
1697,46765,HELMERICH & PAYNE,internal,,,"John W. Lindsay,",0001047469-16-009732,ok,,,Chief Executive Officer,0001047469-14-000246,ok,
3034,1047122,RAYTHEON CO,internal,,,Thomas A. Kennedy,0001193125-16-557547,ok,,,,0001047122-14-000064,ceo-row-not-found,
1683,766704,WELLTOWER INC,external,,,Thomas J. DeRosa,0001193125-16-516951,ok,,,George L. Chapman,0001193125-14-109291,ok,
2753,75362,PACCAR INC,internal,,,Chief Executive Officer,0001193125-16-506045,ok,,,M. C. Pigott,0001193125-14-099028,ok,
8254,1275283,REYNOLDS AMERICAN INC,external,,,Susan M. Cameron President and Chief Executive Officer of RAI,0001193125-16-514595,ok,,,Daniel M. Delen,0001193125-14-109692,ok,
4916,1035002,VALERO ENERGY CORP,internal,,,"Joseph W. Gorder,",0001035002-16-000079,ok,,,"William R. Klesse,",0001035002-14-000012,ok,
3100,745732,ROSS STORES INC,internal,,,,0000745732-16-000042,ceo-row-not-found,,,,0001206774-14-001164,ceo-row-not-found,
1058,27419,TARGET CORP,external,,,,0001308179-16-000375,ok,,,,0001308179-14-000217,ok,
8231,1070412,CNX RESOURCES CORPORATION,internal,,,Nicholas J. DeIuliis(6),0001193125-16-526750,ok,,,J. Brett Harvey(6),0001193125-14-121520,ok,
67,2969,AIR PRODUCTS & CHEMICALS INC,external,,,"S. Ghasemi Chairman, President and Chief Executive Officer",0001193125-16-792493,ok,,,"J. E. McGlade Former Chairman, President, and Chief Executive Officer(1)",0001193125-14-434928,ok,
3819,1396009,VULCAN MATERIALS CO,internal,,,"J. Thomas Hill Chairman, President & Chief Executive Officer",0001193125-16-521442,ok,,,Donald M. James Chairman and Chief Executive Officer,0001193125-14-120199,ok,
1454,37996,FORD MOTOR CO,internal,,,Mark Fields,0001047469-16-011835,ok,,,,0001047469-14-003150,ceo-row-not-found,
434,11199,BEMIS CO INC,internal,,,,0001308179-16-000258,ceo-row-not-found,,,"Henry J. Theisen,",0001308179-14-000064,ok,
1887,51253,INTL FLAVORS & FRAGRANCES,external,,,Andreas Fibig,0000051253-16-000030,ok,,,Chairman and Chief Executive Officer,0001193125-14-113315,ok,
165,5272,AMERICAN INTERNATIONAL GROUP,internal,,,Peter D. Hancock,0001193125-16-521555,ok,,,Robert H. Benmosche,0001193125-14-123974,ok,
3722,1090727,UNITED PARCEL SERVICE INC,internal,,,David P. Abney,0001206774-16-004892,ok,,,Chairman and Chief Executive,0001047469-14-002525,ok,
1047,313616,DANAHER CORP,internal,,,"Thomas P. Joyce, Jr., President and CEO",0001193125-16-526835,ok,,,"H. Lawrence Culp, Jr., President and CEO",0001193125-14-126581,ok,
6124,882184,D R HORTON INC,internal,,,David V. Auld,0001193125-16-789486,ok,,,Donald J. Tomnitz,0001193125-14-445557,ok,
7080,940944,DARDEN RESTAURANTS INC,internal,,,,0000940944-16-000121,ceo-row-not-found,,,"Clarence Otis, Jr. (7)",0000940944-14-000084,ok,
2589,72207,NOBLE ENERGY INC,internal,,,"David L. StoverChairman, President and Chief Executive Officer (Elected CEO October 2014)",0000072207-16-000077,ok,,,Charles D. Davidson,0001193125-14-110817,ok,
1906,51434,INTL PAPER CO,internal,,,Mark S. Sutton,0001193125-16-532617,ok,,,John V. Faraci,0001193125-14-138690,ok,
8289,1043604,JUNIPER NETWORKS INC,internal,,,Rami Rahim Chief Executive Officer,0001206774-16-005324,ok,,,Kevin R. Johnson  Chief Executive Officer,0001206774-14-001173,ok,
837,21076,CLOROX CO/DE,internal,,,Benno  Dorer,0001206774-16-007231,ok,,,,0001206774-14-002939,ceo-row-not-found,
4393,1545158,KRAFT FOODS GROUP INC,external,,,,,no-proxy-for-year,,,W. Anthony Vernon,0001193125-14-099353,ok,
4705,815556,FASTENAL CO,internal,,,and Chief Executive Officer,0000815556-16-000090,ok,,,Willard D. Oberton,0000815556-14-000019,ok,
7847,1041061,YUM BRANDS INC,internal,,,•,0001308179-16-000328,ok,,,David C. Novak,0001308179-14-000078,ok,
985,24545,MOLSON COORS BREWING CO,internal,,,"Mark R. Hunter1,2,3President and CEO",0000024545-16-000072,ok,,,Peter Swinburn CEO and President1,0001047469-14-003921,ok,
8842,1267238,ASSURANT INC,internal,,,"Alan B. Colberg, President and Chief Executive Officer (effective January 1, 2015)",0001193125-16-521418,ok,,,"Robert B. Pollock, President and Chief Executive Officer",0001193125-14-114495,ok,
3157,203077,ST JUDE MEDICAL INC,internal,,,Chief Executive Officer,0001047469-16-011438,ok,,,Daniel J. Starks,0001047469-15-002694,ok,
4324,5513,UNUM GROUP,internal,,,Richard P. McKenney(1),0001193125-16-540702,ok,,,Thomas R. Watjen,0001193125-15-123530,ok,
257,7084,ARCHER-DANIELS-MIDLAND CO,internal,,,J. R. LUCIANO CEO and President(1),0001193125-16-518937,ok,,,P. A. Woertz,0001193125-15-109440,ok,
8115,1065088,EBAY INC,internal,,,Devin N. Wenig  (1),0001206774-16-005069,ok,,,John J. Donahoe President and Chief Executive Officer,0001206774-15-000964,ok,
9057,1136893,FIDELITY NATIONAL INFO SVCS,internal,,,Gary A. Norcross,0001193125-16-542785,ok,,,Chairman and CEO,0001193125-15-134536,ok,
2690,1031296,FIRSTENERGY CORP,internal,,,President & CEO,0001193125-16-526920,ok,,,Anthony J. Alexander,0001193125-15-115212,ok,
3839,1618921,WALGREENS BOOTS ALLIANCE INC,external,,,Stefano Pessina*,0001193125-17-354603,ok,,,Executive Vice Chairman and Chief Executive Officer,0001193125-15-398988,ok,
2269,63276,MATTEL INC,external,,,Christopher A. Sinclair  Chief Executive Officer,0001193125-17-111466,ok,,,Bryan G. Stockton Chief Executive Officer,0001193125-15-123925,ok,
2300,63908,MCDONALD'S CORP,internal,,,Stephen  Easterbrook President and Chief Executive Officer(1),0001206774-17-001192,ok,,,Donald Thompson,0001193125-15-125315,ok,
2800,76334,PARKER-HANNIFIN CORP,internal,,,"Thomas L. Williams, Chief Executive Officer and Chairman of the Board",0001193125-17-292176,ok,,,"Thomas L. Williams, Chief Executive Officer",0001193125-15-329828,ok,
6506,1451505,TRANSOCEAN LTD,external,,,Jeremy D. Thigpen,0001558370-17-009349,ok,,,,0001047469-15-007585,ceo-row-not-found,
8181,1521332,APTIV PLC,internal,,,,0001193125-17-306532,ceo-row-not-found,,,Chief Executive Officer and President,0001193125-15-083150,ok,
8395,1090872,AGILENT TECHNOLOGIES INC,internal,,,,0001564590-17-000898,ok,,,William P. Sullivan,0001206774-15-000411,ok,
4597,98246,TIFFANY & CO,internal,,,,0000098246-17-000094,ceo-row-not-found,,,"Michael J. Kowalski - base salary ceases upon retirement as of March 31, 2015",0000098246-15-000075,ok,
7347,899866,ALEXION PHARMACEUTICALS INC,internal,,,Former Interim Chief Executive Officer (1),0000899866-17-000078,ok,,,"Leonard Bell, M.D.",0000899866-15-000091,ok,
8476,20520,FRONTIER COMMUNICATIONS CORP,internal,,,Daniel J. McCarthy,0001193125-17-099892,ok,,,Mary Agnes Wilderotter,0000930413-15-001618,ok,
934,23217,CONAGRA BRANDS INC,external,,,Sean Connolly,0001193125-17-255205,ok,,,CEO and,0001193125-15-282074,ok,
8256,1048695,F5 NETWORKS INC,external,,,President and Chief Executive Officer,0001193125-17-021233,ok,,,John McAdam,0001193125-15-012700,ok,
4210,793952,HARLEY-DAVIDSON INC,internal,,,Matthew S. Levatich President  and Chief Executive Officer,0001206774-17-000899,ok,,,Keith E. Wandell,0000793952-15-000015,ok,
538,14272,BRISTOL-MYERS SQUIBB CO,internal,,,,0001047469-17-001940,ok,,,Lamberto Andreotti,0001047469-15-002651,ok,
2600,702165,NORFOLK SOUTHERN CORP,internal,,,"James A.  Squires1 Chairman, President and Chief Executive  Officer",0001206774-17-000920,ok,,,"Charles W. Moorman, IV",0001206774-15-000996,ok,
7288,1002047,NETAPP INC,internal,,,George Kurian,0001193125-17-244241,ok,,,Chief Executive Officer(4),0001193125-15-264135,ok,
2012,1506307,KINDER MORGAN INC,internal,,,Steven J. Kean,0001047469-17-002237,ok,,,Richard D. Kinder,0001047469-15-002856,ok,
1123,29534,DOLLAR GENERAL CORP,internal,,,"Todd J. Vasos,",0001047469-17-002554,ok,,,"Richard W. Dreiling,",0001047469-15-003114,ok,
500,12927,BOEING CO,internal,,,Dennis A. Muilenburg,0001193125-17-087206,ok,,,"W. James McNerney, Jr.",0001193125-15-090972,ok,
2614,1111711,NISOURCE INC,internal,,,Joseph Hamrock,0001193125-17-111336,ok,,,"Robert C. Skaggs, Jr.",0001193125-15-120757,ok,
4706,815556,FASTENAL CO,external,,,Chief Executive Officer,0000815556-17-000012,ok,,,Chief Executive Officer,0000815556-15-000020,ok,
5336,858877,CISCO SYSTEMS INC,internal,,,Charles H. Robbins,0001193125-17-319338,ok,,,John T. Chambers,0001193125-15-333996,ok,
4872,1090012,DEVON ENERGY CORP,internal,,,David A. Hager,0001193125-17-137053,ok,,,John Richels,0001193125-15-138467,ok,
8921,1285785,MOSAIC CO,internal,,,,0001243786-17-000064,ok,,,James T. Prokopanko,0001193125-15-114968,ok,
8679,1126328,PRINCIPAL FINANCIAL GRP INC,internal,,,Houston,0001047469-17-002320,ok,,,,0001047469-15-003285,ceo-row-not-found,
2750,79879,PPG INDUSTRIES INC,internal,,,M. H. McGarry,0001047469-17-001414,ok,,,C. E. Bunch,0001047469-15-001688,ok,
3668,100517,UNITED CONTINENTAL HLDGS INC,external,,,Oscar Munoz,0001047469-17-002814,ok,,,Jeffery Smisek,0001047469-15-003899,ok,
7279,1000697,WATERS CORP,external,,,Christopher J. OConnell President and Chief Executive Officer (a),0001193125-17-100897,ok,,,Douglas A. Berthiaume,0001193125-15-115225,ok,
3698,100885,UNION PACIFIC CORP,internal,,,Lance M. Fritz,0000100885-17-000078,ok,,,John J. Koraleski,0001193125-15-116154,ok,
7136,941548,CAMERON INTERNATIONAL CORP,internal,,,,,no-proxy-for-year,,,Jack B. Moore,0001047469-15-002854,ok,
7298,877890,CITRIX SYSTEMS INC,external,,,"Executive Chairman, Former Interim Chief Executive Officer and President",0001193125-17-141979,ok,,,Mark B. Templeton,0001193125-15-135063,ok,
2964,80424,PROCTER & GAMBLE CO,internal,,,,,no-proxy-for-year,,,A. G. Lafley6,0001193125-15-305662,ok,
1370,35527,FIFTH THIRD BANCORP,internal,,,"Greg D. Carmichael, President and Chief Executive Officer",0001193125-17-075735,ok,,,Kevin T. Kabat Vice Chairman and Chief Executive Officer,0001193125-15-078874,ok,
7758,1037038,RALPH LAUREN CORP,external,,,Stefan Larsson,0001193125-17-218327,ok,,,Ralph Lauren,0001193125-15-235121,ok,
1715,47217,HP INC,internal,,,Dion J.  Weisler,0001206774-17-000465,ok,,,Margaret C. Whitman,0001193125-15-028338,ok,
8480,1013871,NRG ENERGY INC,internal,,,Mauricio Gutierrez President and Chief,0001047469-17-001691,ok,,,David Crane,0001047469-15-002754,ok,
2736,812074,OWENS-ILLINOIS INC,internal,,,Andres A. Lopez,0001104659-17-020125,ok,,,"Chairman, Chief Executive Officer,",0001047469-15-003097,ok,
4123,1113169,PRICE (T. ROWE) GROUP,internal,,,President and Chief Executive Officer,0001113169-17-000016,ok,,,Chief Executive Officer and President,0001113169-15-000012,ok,
2124,58492,LEGGETT & PLATT INC,internal,,,"Karl G. Glassman, President and Chief Executive Officer",0001571049-17-003011,ok,,,"David S. Haffner, Board Chair and Chief Executive Officer",0001571049-15-002282,ok,
3238,89800,SHERWIN-WILLIAMS CO,internal,,,J. G. Morikis,0001193125-17-070612,ok,,,C. M. Connor,0001193125-15-074361,ok,
8257,1048695,F5 NETWORKS INC,external,,,John McAdam(1),0001193125-17-021233,ok,,,President and Chief Executive Officer,0001193125-15-012700,ok,
8104,1051470,CROWN CASTLE INTL CORP,internal,,,Jay A. Brown(e),0001051470-17-000079,ok,,,W. Benjamin Moreland,0001051470-16-000214,ok,
7975,1050915,QUANTA SERVICES INC,internal,,,"Earl C. (Duke) Austin,  Jr.(8)",0001206774-17-001200,ok,,,James F. ONeil III(8),0001193125-16-542236,ok,
5908,879101,KIMCO REALTY CORP,internal,,,Conor C. Flynn,0001206774-17-000831,ok,,,David B.  Henry(8),0001206774-16-004954,ok,
8758,1156375,CME GROUP INC,internal,,,Terrence A. Duffy Chairman and Chief Executive Officer(5),0001193125-17-113258,ok,,,Phupinder S. Gill CEO,0001193125-16-534844,ok,
406,10456,BAXTER INTERNATIONAL INC,external,,,"José E. Almeida Chairman of the Board, Chief Executive Officer and President",0001193125-17-087498,ok,,,,0001206774-16-005077,ok,
782,313927,CHURCH & DWIGHT INC,internal,,,President and Chief Executive Officer,0001193125-17-092016,ok,,,James R. Craigie Non-Executive Chairman and Former President and Chief Executive Officer,0001193125-16-514958,ok,
8687,1158449,ADVANCE AUTO PARTS INC,external,,,,0001158449-18-000086,ceo-row-not-found,,,,0001158449-16-000377,ceo-row-not-found,
3320,7332,SOUTHWESTERN ENERGY CO,internal,,,William J. Way President and Chief Executive Officer,0001206774-18-001179,ok,,,Steven L. Mueller,0001206774-16-005340,ok,
4018,109198,TJX COMPANIES INC,internal,,,,0001193125-18-288892,ceo-row-not-found,,,Carol Meyrowitz(6),0001193125-16-568937,ok,
2286,63754,MCCORMICK & CO INC,internal,,,Lawrence E. Kurzius,0001308179-18-000009,ok,,,Alan D. Wilson,0001308179-16-000217,ok,
4580,816284,CELGENE CORP,internal,,,​,0001144204-18-023458,ok,,,Robert J. Hugin CEO and Chairman(6),0001571049-16-014390,ok,
5943,882095,GILEAD SCIENCES INC,internal,,,,0001206774-18-000957,ceo-row-not-found,,,"(Chief Executive Officer and President as of March 10, 2016)",0001193125-16-519487,ok,
3275,91419,SMUCKER (JM) CO,internal,,,Mark T. Smucker President and Chief Executive Officer,0001193125-18-208398,ok,,,Richard K. Smucker,0001193125-16-639146,ok,
5920,1585364,PERRIGO CO PLC,internal,,,John T. Hendrickson,0001193125-18-093372,ok,,,Joseph C. Papa Chairman,0001193125-16-508560,ok,
8205,1075531,BOOKING HOLDINGS INC,internal,,,Glenn D. Fogel  President and  Chief Executive Officer,0001308179-18-000213,ok,,,"Darren Huston(1) President, Chief Executive Officer; Chief Executive Officer, Booking.com",0001308179-16-000383,ok,
2673,797468,OCCIDENTAL PETROLEUM CORP,internal,,,Vicki  Hollub President  and  Chief Executive Officer,0001308179-18-000070,ok,,,Stephen I. Chazen,0001308179-16-000248,ok,
311,8818,AVERY DENNISON CORP,internal,,,Mitchell R. Butier,0001047469-18-001691,ok,,,Dean A. Scarborough,0001047469-16-010843,ok,
9531,783325,WEC ENERGY GROUP INC,internal,,,,0000107815-18-000155,ceo-row-not-found,,,,0000930413-16-006156,ceo-row-not-found,
1073,27904,DELTA AIR LINES INC,internal,,,Edward H. Bastian Chief Executive Officer,0001193125-18-139175,ok,,,Richard H. Anderson,0001193125-16-569497,ok,
2609,72741,EVERSOURCE ENERGY,internal,,,James J. Judge,0001047469-18-002070,ok,,,Thomas J. May,0001047469-16-011547,ok,
6129,1532063,EXPRESS SCRIPTS HOLDING CO,internal,,,Timothy Wentworth,0001140361-18-015626,ok,,,George Paz,0001193125-16-511918,ok,
9205,816761,TERADATA CORP,external,,,Victor Lund,0001193125-18-072323,ok,,,Michael Koehler President and Chief Executive Officer,0001193125-16-493244,ok,
192,1037868,AMETEK INC,internal,,,David A. Zapico,0001564590-18-006759,ok,,,Frank S. Hermance Chairman of the Board and Chief Executive Officer,0001193125-16-509467,ok,
107,4127,SKYWORKS SOLUTIONS INC,internal,,,Liam K. Griffin,0001047469-18-002445,ok,,,David J. Aldrich,0001047469-16-011813,ok,
1220,1551182,EATON CORP PLC,internal,,,C. Arnold Chairman and Chief Executive Officer,0001308179-18-000055,ok,,,"A. M. Cutler Chairman of the Company, Chief Executive Officer of Eaton Corporation",0001308179-16-000257,ok,
4973,791519,STAPLES INC,internal,,,,,no-proxy-for-year,,,,0001206774-16-005589,ceo-row-not-found,
9132,1274494,FIRST SOLAR INC,internal,,,Mark R. Widmar,0001274494-18-000016,ok,,,James A. Hughes,0001193125-16-532223,ok,
960,201533,CMS ENERGY CORP,internal,,,"Patricia K. Poppe (7) President and CEO, CMS and Consumers",0001140361-18-014559,ok,,,,,no-proxy-for-year,
2023,54480,KANSAS CITY SOUTHERN,internal,,,"Patrick J. Ottensmeyer,",0001193125-18-109385,ok,,,"David L. Starling,",0001193125-16-530157,ok,
3084,1024478,ROCKWELL AUTOMATION,internal,,,Blake D. Moret President & Chief Executive Officer(6),0001308179-18-000290,ok,,,Blake D. Moret  President & Chief Executive Officer(6),0001308179-16-000439,ok,
8505,1110803,ILLUMINA INC,internal,,,"GENERAL INFORMATION (see pages 2 to 9)  Meeting: Annual Meeting of Stockholders Date: Wednesday, May 23, 2018 Time: 12:00 p.m. (Pacific time) Location: Internet webcast only at: www.virtualshareholdermeeting.com/ilmn2018. There will not be a physical location for the annual meeting. Record Date: March 29, 2018 Stock Symbol: ILMN Exchange: The NASDAQ Global Select Market Common Stock Outstanding: 146,745,589 as of March 29, 2018 Registrar & Transfer Agent: Computershare State of Incorporation: Delaware Year of Incorporation: 1998 in California; reincorporated in Delaware in 2000 Public Company Since: 2000 Corporate Headquarters: 5200 Illumina Way, San Diego, California 92122 Corporate Website: www.illumina.com Investor Relations Website: investor.illumina.com EXECUTIVE COMPENSATION (see pages 64 to 67) CEO: Francis A. deSouza (age 47; CEO since 2016) CEO 2017 Total Direct Compensation:  Salary: $849,039  Annual Performance Cash Incentive: $901,000  Long-Term Incentives: $7,000,326  All other compensation: $57,351 CEO Employment Agreement: No Change-in-Control Agreement: Yes (double trigger) Stock Ownership Guidelines: Yes Hedging Policy: Yes",0001193125-18-109968,ok,,,Jay T. Flatley,0001193125-16-535471,ok,
3365,93556,STANLEY BLACK & DECKER INC,internal,,,"James M. Loree, President and CEO",0001206774-18-000732,ok,,,,0001206774-16-004843,ceo-row-not-found,
9043,1339947,VIACOM INC,internal,,,Robert M. Bakish,0001564590-18-000670,ok,,,Philippe P. Dauman,0001193125-16-795129,ok,
7707,1170010,CARMAX INC,internal,,,William D. Nash,0001170010-18-000096,ok,,,Thomas J. Folliard,0001170010-16-000130,ok,
1609,277135,GRAINGER (W W) INC,internal,,,D.G. Macpherson,0001047469-18-001653,ok,,,James T. Ryan,0001047469-16-011256,ok,
2994,822416,PULTEGROUP INC,internal,,,Ryan R. Marshall,0001193125-18-098952,ok,,,"Richard J. Dugas, Jr. Chairman, President & CEO",0001193125-16-528506,ok,
9126,1359841,HANESBRANDS INC,internal,,,"Gerald W. Evans, Jr. Chief Executive Officer",0001206774-18-000750,ok,,,Richard A. Noll Chairman  and Chief  Executive Officer,0001206774-16-004890,ok,
1755,48465,HORMEL FOODS CORP,internal,,,James P. Snee,0000048465-18-000050,ok,,,,0001104659-16-163145,ceo-row-not-found,
4778,823768,WASTE MANAGEMENT INC,internal,,,"James C. Fish, Jr. President and Chief Executive Officer",0001047469-18-002180,ok,,,David P. Steiner President and Chief Executive Officer,0001193125-16-517811,ok,
4735,1038357,PIONEER NATURAL RESOURCES CO,internal,,,Timothy L. Dove President and Chief Executive Officer,0001038357-18-000023,ok,,,Scott D. Sheffield Chairman of the  Board and Chief Executive Officer,0001193125-16-532413,ok,
9272,1403161,VISA INC,external,,,"Alfred F. Kelly, Jr.",0001193125-18-343216,ok,,,Charles W. Scharf Chief Executive Officer,0001193125-16-787933,ok,
7348,899866,ALEXION PHARMACEUTICALS INC,external,,,Chief Executive Officer (1),0000899866-18-000069,ok,,,Former Chief Executive Officer,0000899866-16-000283,ok,
1320,34088,EXXON MOBIL CORP,internal,,,D.W. Woods Chairman and CEO (1),0001193125-18-115091,ok,,,R.W. Tillerson Chairman and CEO,0001193125-16-539460,ok,
8763,1120193,NASDAQ INC,internal,,,Adena T. Friedman President and CEO,0001193125-18-082529,ok,,,,0001193125-16-516901,ceo-row-not-found,
3659,100493,TYSON FOODS INC -CL A,internal,,,"Tom Hayes, President and Chief Executive Officer",0000100493-18-000169,ok,,,"Donnie Smith, Chief Executive Officer",0000100493-16-000348,ok,
8890,1289490,EXTRA SPACE STORAGE INC,external,,,Joseph D. Margolis (5),0001628280-18-004072,ok,,,Spencer F. Kirk,0001193125-16-533831,ok,
4000,1770450,XEROX CORP,internal,,,,,no-proxy-for-year,,,,,no-proxy-for-year,
2140,59478,LILLY (ELI) & CO,internal,,,David A. Ricks,0000059478-18-000111,ok,,,"John C. Lechleiter, Ph.D.",0000059478-16-000331,ok,
3788,103379,VF CORP,internal,,,"Steven E. Rendle,(1)",0001193125-18-082379,ok,,,"Eric C. Wiseman,",0001193125-16-515958,ok,
8255,1275283,REYNOLDS AMERICAN INC,internal,,,,,no-proxy-for-year,,,,,no-proxy-for-year,
698,18230,CATERPILLAR INC,internal,,,"D. James Umpleby, III CEO",0001206774-18-001375,ok,,,Douglas R.  Oberhelman,0001206774-17-001442,ok,
1295,33213,EQT CORP,internal,,,,0001104659-18-027302,ceo-row-not-found,,,David L. Porges Chairman and Chief Executive Officer,0001104659-17-009972,ok,
1362,794367,MACY'S INC,internal,,,​,0001571049-18-000217,ok,,,Terry J. Lundgren,0000794367-17-000050,ok,
2242,1070750,HOST HOTELS & RESORTS INC,internal,,,James F. Risoleo President and Chief Executive Officer,0001193125-18-109348,ok,,,,0001193125-17-108414,ceo-row-not-found,
5820,875045,BIOGEN INC,external,,,Michel Vounatsos(6),0001193125-19-129278,ok,,,Former Chief Executive Officer,0001193125-17-139450,ok,
4598,98246,TIFFANY & CO,external,,,Alessandro Bogliolo,0000098246-19-000063,ok,,,,0000098246-17-000094,ceo-row-not-found,
302,769397,AUTODESK INC,internal,,,,0001206774-19-001598,ceo-row-not-found,,,,0001206774-17-001531,ceo-row-not-found,
2270,63276,MATTEL INC,external,,,Ynon Kreiz Chief Executive Officer,0001193125-19-097947,ok,,,Christopher A. Sinclair  Chief Executive Officer,0001193125-17-111466,ok,
1708,47111,HERSHEY CO,internal,,,Ms. Buck,0000047111-19-000014,ok,,,Mr. Bilbrey,0001193125-17-092999,ok,
617,277948,CSX CORP,external,,,James M. Foote President and Chief Executive Officer,0001206774-19-000985,ok,,,Michael J.  Ward(5),0001206774-17-001259,ok,
102,773840,HONEYWELL INTERNATIONAL INC,internal,,,Darius Adamczyk Chairman and Chief Executive Officer,0001193125-19-074027,ok,,,David M. Cote  Chairman of the Board and Chief Executive Officer,0000930413-17-000951,ok,
1197,30625,FLOWSERVE CORP,external,,,R. Scott Rowe,0001308179-19-000139,ok,,,President and CEO,0001308179-17-000124,ok,
8258,1048695,F5 NETWORKS INC,external,,,François Locoh-Donou President and Chief Executive Officer,0001140361-19-001589,ok,,,John McAdam(1),0001193125-17-021233,ok,
6146,829224,STARBUCKS CORP,internal,,,Kevin R. Johnson president and chief executive officer,0001193125-19-017145,ok,,,​,0001672764-17-000003,ok,
850,21344,COCA-COLA CO,internal,,,James Quincey3 President and Chief Executive Officer,0001206774-19-000735,ok,,,Muhtar Kent,0001308179-17-000027,ok,
7759,1037038,RALPH LAUREN CORP,external,,,Patrice Louvet President and CEO,0001193125-19-178914,ok,,,Stefan Larsson,0001193125-17-218327,ok,
2373,723125,MICRON TECHNOLOGY INC,external,,,Sanjay Mehrotra,0001047469-19-006745,ok,,,D. Mark Durcan,0000723125-17-000155,ok,
166,5272,AMERICAN INTERNATIONAL GROUP,external,,,​,0001144204-19-017752,ok,,,Peter D. Hancock,0001193125-17-175936,ok,
1455,37996,FORD MOTOR CO,internal,,,,0001047469-19-001743,ceo-row-not-found,,,Mark Fields,0001047469-17-002228,ok,
8815,1065696,LKQ CORP,internal,,,Dominick Zarcone,0001065696-19-000025,ok,,,Robert L. Wagman,0001065696-17-000014,ok,
1498,39899,TEGNA INC,internal,,,David T. Lougee (President and CEO),0001193125-19-070895,ok,,,Gracia C. Martore (President and CEO),0001193125-17-087356,ok,
1644,45012,HALLIBURTON CO,internal,,,Jeffrey A. Miller(1),0001308179-19-000086,ok,,,Chief Executive Officer,0001308179-17-000120,ok,
6237,891024,PATTERSON COMPANIES INC,external,,,Mark S. Walchirk,0001140361-19-014068,ok,,,Scott P. Anderson (a)  Special Advisor to Patterson Companies (Former President and Chief  Executive Officer of Patterson Companies),0001626129-17-000478,ok,
1532,40704,GENERAL MILLS INC,internal,,,Jeffrey L. Harmening,0001193125-19-218825,ok,,,Kendall J. Powell Chairman and CEO,0001308179-17-000215,ok,
6534,354908,FLIR SYSTEMS INC,external,,,James J. Cannon(5) President and Chief Executive Officer,0001193125-19-069295,ok,,,Andrew C. Teich(6),0001193125-17-077190,ok,
1559,40987,GENUINE PARTS CO,internal,,,Paul D. Donahue,0001193125-19-063204,ok,,,Thomas C. Gallagher,0001193125-17-058736,ok,
7299,877890,CITRIX SYSTEMS INC,internal,,,David J. Henshall,0001193125-19-118580,ok,,,"Executive Chairman, Former Interim Chief Executive Officer and President",0001193125-17-141979,ok,
4371,804753,CERNER CORP,external,,,Brent Shafer,0000804753-19-000020,ok,,,Neal L. Patterson,0000804753-17-000012,ok,
8648,1136869,ZIMMER BIOMET HOLDINGS INC,external,,,Bryan C. Hanson President and CEO,0001193125-19-088556,ok,,,David C. Dvorak President and CEO,0001193125-17-104268,ok,
1524,40545,GENERAL ELECTRIC CO,internal,,,Chairman & CEO,0001206774-19-000903,ok,,,Jeff Immelt,0001206774-17-000738,ok,
4970,832988,SIGNET JEWELERS LTD,external,,,Virginia C. Drosos,0000832988-19-000025,ok,,,Mark Light,0001628280-17-004879,ok,
8386,1324424,EXPEDIA GROUP INC,internal,,,Mark D. Okerstrom,0001193125-19-277796,ok,,,Dara Khosrowshahi,0001324424-17-000018,ok,
3713,731766,UNITEDHEALTH GROUP INC,internal,,,David S. Wichmann,0001047469-19-002425,ok,,,Stephen J. Hemsley,0001047469-17-002810,ok,
7059,935703,DOLLAR TREE INC,internal,,,​,0001047469-19-002466,ok,,,Bob Sasser,0000935703-17-000014,ok,
1289,33185,EQUIFAX INC,external,,,,0001308179-19-000056,ceo-row-not-found,,,,0001308179-17-000063,ceo-row-not-found,
3916,106640,WHIRLPOOL CORP,internal,,,Marc R. Bitzer President and Chief Executive Officer,0000106640-19-000042,ok,,,Jeff M. Fettig Chairman of the Board and Chief Executive Officer,0000106640-17-000021,ok,
8791,1137789,SEAGATE TECHNOLOGY PLC,internal,,,William D. Mosley,0001193125-19-242005,ok,,,Stephen J. Luczo,0001193125-17-273188,ok,
4608,818479,DENTSPLY SIRONA INC,external,,,,0001193125-19-104529,ok,,,Jeffrey T. Slovin Chief Executive Officer(3),0001571049-17-003553,ok,
3963,783325,WEC ENERGY GROUP INC,external,,,,0000107815-19-000156,ceo-row-not-found,,,Allen L. LeverettPresident and Chief Executive Officer,0000107815-17-000129,ok,
8611,1103982,MONDELEZ INTERNATIONAL INC,external,,,"Van de Put, Dirk",0001564590-19-010015,ok,,,"Rosenfeld, Irene",0001193125-17-098665,ok,
9053,1058090,CHIPOTLE MEXICAN GRILL INC,external,,,,0001193125-19-092659,ceo-row-not-found,,,,0001193125-17-104045,ok,
7139,1001082,DISH NETWORK CORP,internal,,,W. Erik Carlson (3),0001104659-19-016039,ok,,,Charles W. Ergen (3),0001104659-17-018415,ok,
1397,36270,M & T BANK CORP,internal,,,René F. Jones(5),0001564590-19-006629,ok,,,Robert G. Wilmers,0001193125-17-074725,ok,
618,277948,CSX CORP,external,,,James M. Foote President and Chief Executive Officer,0001206774-19-000985,ok,,,Chairman and CEO,0001206774-17-001259,ok,
8041,1039101,L3 TECHNOLOGIES INC,internal,,,,,no-proxy-for-year,,,Michael T. Strianese (Chairman and Chief Executive  Officer),0001567619-17-000516,ok,
3175,754737,SCANA CORP,internal,,,,,no-proxy-for-year,,,,0001558370-17-002100,ceo-row-not-found,
3202,1012100,SEALED AIR CORP,external,,,Edward L. Doheny II,0001193125-19-097192,ok,,,Jerome A. Peribere,0001567619-17-000595,ok,
767,93410,CHEVRON CORP,internal,,,"M.K. Wirth, Chairman and CEO(7)",0001193125-19-106207,ok,,,"J.S. Watson, Chairman and CEO(7)",0001193125-18-112804,ok,
2629,73124,NORTHERN TRUST CORP,internal,,,,0001193125-19-072131,ceo-row-not-found,,,Frederick H. Waddell Chairman,0001193125-18-074335,ok,
3464,96021,SYSCO CORP,internal,,,,0001308179-19-000241,ceo-row-not-found,,,President and Chief Executive Officer,0001308179-18-000271,ok,
660,721371,CARDINAL HEALTH INC,internal,,,Michael C. Kaufmann(3) Chief Executive Officer,0001308179-19-000231,ok,,,Michael C. Kaufmann(4) Chief Executive Officer and Former Chief Financial Officer,0001308179-18-000266,ok,
5921,1585364,PERRIGO CO PLC,external,,,,0001193125-20-087775,ceo-row-not-found,,,John T. Hendrickson,0001193125-18-093372,ok,
8517,1101239,EQUINIX INC,internal,,,Charles Meyers,0001047469-20-002602,ok,,,Stephen Smith Former Chief Executive Officer & President(3),0001193125-18-128801,ok,
5487,743988,XILINX INC,internal,,,•,0000743988-20-000027,ok,,,,0000743988-18-000031,ceo-row-not-found,
6308,1645590,HEWLETT PACKARD ENTERPRISE,internal,,,Antonio F. Neri,0001047469-20-000857,ok,,,​,0001047469-18-000792,ok,
146,4962,AMERICAN EXPRESS CO,internal,,,S.J. Squeri,0001193125-20-083487,ok,,,K.I. Chenault,0001206774-18-000866,ok,
8761,1174922,WYNN RESORTS LTD,internal,,,,0001193125-20-126275,ceo-row-not-found,,,Matt Maddox(5) Chief Executive Officer and President,0001193125-18-121082,ok,
1296,33213,EQT CORP,internal,,,,0001104659-20-080062,ceo-row-not-found,,,,0001104659-18-027302,ceo-row-not-found,
8731,1260221,TRANSDIGM GROUP INC,internal,,,"Kevin Stein,  President and Chief  Executive Officer (5)",0001193125-20-144691,ok,,,"W. Nicholas Howley,  Chairman and CEO",0001193125-18-033306,ok,
479,12659,BLOCK H & R INC,external,,,​,0001140361-20-017104,ok,,,,0001193125-18-235058,ceo-row-not-found,
2132,920760,LENNAR CORP,internal,,,Rick Beckwitt,0001193125-20-049029,ok,,,Stuart Miller,0001193125-18-062032,ok,
2271,63276,MATTEL INC,external,,,Ynon Kreiz Chief Executive Officer,0001206774-20-001316,ok,,,Margaret H. Georgiadis  Chief Executive Officer,0001193125-18-108841,ok,
2834,77360,PENTAIR PLC,internal,,,,0001047469-20-001649,ceo-row-not-found,,,,0001206774-18-000922,ceo-row-not-found,
980,711404,COOPER COMPANIES INC,internal,,,"Albert G. White, III",0001193125-20-024203,ok,,,Robert S. Weiss,0001193125-18-030508,ok,
1140,29905,DOVER CORP,external,,,Richard J. Tobin  President & Chief  Executive Officer,0001193125-20-086942,ok,,,Robert A. Livingston President & Chief Executive Officer,0001193125-18-092116,ok,
2768,1032208,SEMPRA ENERGY,internal,,,Jeffrey W. Martin Chairman and Chief Executive Officer,0001193125-20-077350,ok,,,"Debra L. Reed (A) Chairman, President and Chief Executive Officer",0001193125-18-092397,ok,
6461,898173,O'REILLY AUTOMOTIVE INC,internal,,,,0000898173-20-000010,ceo-row-not-found,,,Chief Executive Officer,0000898173-18-000092,ok,
4001,1770450,XEROX CORP,external,,,Giovanni (John) Visentin,0001193125-20-100845,ok,,,,,no-proxy-for-year,
6102,885639,KOHL'S CORP,internal,,,Michelle Gass,0001564590-20-013187,ok,,,Kevin Mansell,0001193125-18-094109,ok,
2875,764180,ALTRIA GROUP INC,internal,,,"Howard A. Willard III, Chairman of the Board and CEO, Altria Group, Inc.",0001206774-20-001025,ok,,,"Martin J. Barrington, Chairman, Chief Executive Officer and President, Altria Group, Inc.",0001206774-18-001093,ok,
650,16732,CAMPBELL SOUP CO,external,,,Mark A. Clouse President and Chief Executive Officer,0001206774-20-002817,ok,,,,,no-proxy-for-year,
2400,66740,3M CO,internal,,,Michael F. Roman,0001206774-20-000907,ok,,,"Inge  G. Thulin  Chairman of the Board,  President and Chief Executive Officer",0001206774-18-000890,ok,
3562,97476,TEXAS INSTRUMENTS INC,internal,,,Chief Executive Officer,0001193125-20-068304,ok,,,Richard K. Templeton,0001193125-18-080243,ok,
1857,50863,INTEL CORP,internal,,,Robert Swan Chief Executive Officer,0001193125-20-091451,ok,,,Brian M. Krzanich,0001193125-18-107675,ok,
1380,1281761,REGIONS FINANCIAL CORP,internal,,,"John M. Turner, Jr.",0001281761-20-000018,ok,,,"O. B. Grayson Hall, Jr.",0001281761-18-000022,ok,
2195,60667,LOWE'S COMPANIES INC,external,,,Marvin R. Ellison President and Chief Executive Officer,0001193125-20-108770,ok,,,"Robert A. Niblock Chairman of the Board, President and Chief Executive Officer",0001193125-18-123722,ok,
3563,97476,TEXAS INSTRUMENTS INC,internal,,,Richard K. Templeton,0001193125-20-068304,ok,,,Chief Executive Officer,0001193125-18-080243,ok,
420,732712,VERIZON COMMUNICATIONS INC,internal,,,Hans Vestberg Chairman and Chief Executive Officer,0001193125-20-082431,ok,,,Lowell McAdam,0001193125-18-087697,ok,
6589,908255,BORGWARNER INC,internal,,,Frédéric B. Lissalde,0001206774-20-000852,ok,,,James R. Verrier President and Chief Executive Officer,0001206774-18-000828,ok,
9962,91142,SMITH (A.O.),internal,,,Kevin J. Wheeler President and Chief Executive Officer,0001193125-20-063749,ok,,,Ajita G. Rajendra Chairman and Chief Executive Officer,0001193125-18-062086,ok,
5971,882835,ROPER TECHNOLOGIES INC,internal,,,L. Neil Hunn,0001193125-20-118928,ok,,,Brian D. Jellison,0001193125-18-143597,ok,
3660,100493,TYSON FOODS INC -CL A,internal,,,"Noel White, Chief Executive Officer",0000100493-20-000207,ok,,,"Tom Hayes, President and Chief Executive Officer",0000100493-18-000169,ok,
8120,886982,GOLDMAN SACHS GROUP INC,internal,,,David M. Solomon Chairman and CEO,0001193125-20-080718,ok,,,Lloyd C. Blankfein Chairman and CEO,0001193125-18-093157,ok,
1525,40545,GENERAL ELECTRIC CO,external,,,●,0001206774-20-000797,ok,,,John Flannery* Chairman & CEO,0001206774-18-000752,ok,
2847,77476,PEPSICO INC,internal,,,Ramon L. Laguarta Chairman of the Board and Chief Executive Officer,0001206774-20-000855,ok,,,Board and CEO,0001206774-18-000850,ok,
9534,1585364,PERRIGO CO PLC,external,,,Murray S. Kessler,0001193125-20-087775,ok,,,Chief Executive Officer,0001193125-18-093372,ok,
6959,726728,REALTY INCOME CORP,internal,,,​,0001140361-20-007691,ok,,,John P. Case,0001140361-18-016400,ok,
4142,1024305,COTY INC,external,,,"Peter Harf, Interim Chief Executive Officer",0001024305-20-000093,ok,,,"Camillo Pane, Chief Executive Officer",0001024305-18-000057,ok,
8615,1137774,PRUDENTIAL FINANCIAL INC,internal,,,,0001193125-20-086918,ceo-row-not-found,,,,0001193125-18-092128,ceo-row-not-found,
6819,912242,MACERICH CO,internal,,,Chief Executive Officer,0001193125-20-126321,ok,,,,0001193125-18-166682,ceo-row-not-found,
2103,707549,LAM RESEARCH CORP,internal,,,(1),0001193125-20-252302,ok,,,Martin B. Anstice  Chief Executive Officer,0001193125-18-284078,ok,
544,14693,BROWN FORMAN CORP,internal,,,(2),0001193125-20-183147,ok,,,,0001672764-18-000017,ceo-row-not-found,
3371,93751,STATE STREET CORP,internal,,,Ronald P. OHanley President and Chief Executive Officer,0001193125-20-101334,ok,,,,0001193125-18-108804,ceo-row-not-found,
5944,882095,GILEAD SCIENCES INC,external,,,,0001206774-20-000886,ceo-row-not-found,,,,0001206774-18-000957,ceo-row-not-found,
2633,1133421,NORTHROP GRUMMAN CORP,internal,,,Kathy J. Warden,0001133421-20-000014,ok,,,Wesley G. Bush,0001193125-18-103392,ok,
5482,860730,HCA HEALTHCARE INC,internal,,,Samuel N. Hazen,0001193125-20-080679,ok,,,R. Milton Johnson,0001193125-18-085892,ok,
6585,906107,EQUITY RESIDENTIAL,internal,,,Mark J. Parrell (4) President & Chief Executive Officer,0001564590-20-017733,ok,,,David J. Neithercut President & Chief Executive Officer,0001193125-18-134962,ok,
2860,78003,PFIZER INC,internal,,,A. Bourla,0000930413-20-000781,ok,,,,0000930413-19-000953,ceo-row-not-found,
3906,106535,WEYERHAEUSER CO,internal,,,Devin W. Stockfish  President and Chief  Executive Officer,0001193125-20-098013,ok,,,Doyle R. Simons  President and Chief  Executive Officer,0001193125-19-096806,ok,
2068,55785,KIMBERLY-CLARK CORP,internal,,,Michael D. Hsu(2) Chief Executive Officer,0001206774-20-000725,ok,,,Thomas J. Falk(2) Chairman of the Board and Chief Executive Officer,0001206774-19-000759,ok,
3393,1393311,PUBLIC STORAGE,internal,,,"Joseph D. Russell, Jr.(6) President and Chief Executive Officer",0001193125-20-071679,ok,,,"Ronald L. Havner, Jr. (Retired)  Chairman of the Board  and Chief Executive Officer",0001193125-19-076705,ok,
6396,896878,INTUIT INC,internal,,,​,0001104659-20-129369,ok,,,​,0001104659-19-068149,ok,
9163,1383312,BROADRIDGE FINANCIAL SOLUTNS,internal,,,​,0001140361-21-033718,ok,,,,0001140361-19-017750,ceo-row-not-found,
8619,1467373,ACCENTURE PLC,internal,,,Julie Sweet,0001193125-21-352783,ok,,,Chief Executive Officer,0001193125-19-310232,ok,
2762,1004980,PG&E CORP,external,,,"William L. Smith(a) Interim Chief Executive Officer and President, PG&E Corporation",0001308179-21-000200,ok,,,"Geisha  J. Williams(a)  Chief Executive Officer and President, PG&E Corporation",0001308179-19-000209,ok,
3964,783325,WEC ENERGY GROUP INC,internal,,,J. Kevin FletcherPresident and Chief Executive Officer,0000107815-21-000114,ok,,,,0000107815-19-000156,ceo-row-not-found,
4736,1038357,PIONEER NATURAL RESOURCES CO,external,,,Scott D. Sheffield President and Chief Executive Officer (4),0001038357-21-000023,ok,,,Timothy L. Dove Former President and Chief Executive Officer,0001038357-19-000019,ok,
654,16918,CONSTELLATION BRANDS -CL A,internal,,,"William A. Newlands, President and Chief Executive Officer",0000016918-21-000140,ok,,,"Robert Sands, Chief Executive Officer",0001193125-19-162101,ok,
8067,1058290,COGNIZANT TECH SOLUTIONS,external,,,,0001206774-21-001176,ok,,,Former CEO,0001206774-19-001373,ok,
2311,927653,MCKESSON CORP,internal,,,Brian S. Tyler Chief Executive Officer,0001193125-21-185412,ok,,,John H. Hammergren Chairman and Chief Executive Officer(1),0001193125-19-178741,ok,
7240,927066,DAVITA INC,internal,,,Javier J. Rodriguez Chief Executive Officer,0001206774-21-001233,ok,,,"Kent J. Thiry Chairman and Chief Executive Officer, DaVita, and Chief Executive Officer, DaVita Medical Group",0000927066-19-000202,ok,
861,21665,COLGATE-PALMOLIVE CO,internal,,,Noel R. Wallace,0001206774-21-000803,ok,,,Ian Cook Chairman and Chief Executive Officer,0001206774-19-001074,ok,
8463,1099219,METLIFE INC,internal,,,,0001099219-21-000170,ceo-row-not-found,,,,0001099219-19-000018,ceo-row-not-found,
1445,1124198,FLUOR CORP,internal,,,Carlos M. Hernandez,0001047469-21-000648,ok,,,David T. Seaton(1),0001047469-19-001056,ok,
8927,1306830,CELANESE CORP,external,,,Lori J. Ryerkerk Chairman. Chief Executive Officer and President,0001306830-21-000068,ok,,,"Mark C. RohrChairman, ChiefExecutive Officer and President",0001306830-19-000063,ok,
7882,1043277,C H ROBINSON WORLDWIDE INC,internal,,,President and Chief Executive Officer,0001043277-21-000012,ok,,,,0001140361-19-005961,ceo-row-not-found,
444,764478,BEST BUY CO INC,internal,,,​,0001140361-21-015963,ok,,,Hubert Joly(7) Chairman and Chief Executive Officer,0001140361-19-008156,ok,
1691,1637459,KRAFT HEINZ CO,external,,,​,0001104659-21-042002,ok,,,"Bernardo Hees, Chief Executive Officer(1)",0001193125-19-211214,ok,
2570,814453,NEWELL BRANDS INC,external,,,"Ravichandra K. Saligram(1), President and Chief Executive Officer",0001193125-21-094458,ok,,,"Michael B. Polk, President and Chief Executive Officer",0001193125-19-099221,ok,
2754,75362,PACCAR INC,internal,,,R. P. Feight,0001193125-21-082803,ok,,,Chief Executive Officer,0001193125-19-079326,ok,
7155,943452,WABTEC CORP,external,,,,0001140361-21-011950,ceo-row-not-found,,,Raymond T. Betler President and Chief Executive Officer,0001140361-19-006593,ok,
1083,936340,DTE ENERGY CO,internal,,,"Gerardo Norcia,",0000936340-21-000140,ok,,,"Gerard M. Anderson,",0000936340-19-000101,ok,
8539,1116132,TAPESTRY INC,external,,,​,0001140361-21-032470,ok,,,Victor Luis  Former Chief Executive Officer,0001140361-19-017437,ok,
921,1688568,DXC TECHNOLOGY COMPANY,external,,,Michael J. Salvino President and Chief Executive Officer,0001193125-21-208744,ok,,,"J. Michael Lawrie Chairman, President and Chief Executive Officer",0001193125-19-186189,ok,
8116,1065088,EBAY INC,external,,,Jamie  Iannone(1),0001552781-21-000248,ok,,,Devin N. Wenig President and Chief Executive Officer,0001193125-19-112236,ok,
986,24545,MOLSON COORS BREWING CO,internal,,,Gavin D.K. Hattersley(1) President and Chief Executive Officer,0001308179-21-000191,ok,,,(2),0001308179-19-000109,ok,
1278,731802,ATMOS ENERGY CORP,internal,,,J. Kevin Akers(f),0001193125-21-359868,ok,,,Michael E. Haefner(g),0001193125-19-319625,ok,
2576,1164727,NEWMONT MINING CORP,internal,,,Thomas Palmer(7)  President and  Chief Executive Officer,0001206774-21-000692,ok,,,Gary Goldberg President and Chief Executive Officer,0001206774-19-001334,ok,
4881,920148,LABORATORY CP OF AMER HLDGS,external,,,ADAM H. SCHECHTER Chief Executive Officer,0001193125-21-104692,ok,,,DAVID P. KING Chief Executive Officer,0001193125-19-091732,ok,
2301,63908,MCDONALD'S CORP,internal,,,Christopher Kempczinski President and Chief Executive Officer,0001206774-21-001039,ok,,,Stephen Easterbrook President and Chief Executive Officer,0001206774-19-001299,ok,
5719,874716,IDEXX LABS INC,internal,,,Jonathan J. Mazelsky (3),0000874716-21-000018,ok,,,Jonathan W. Ayers(3) President and Chief Executive Officer,0000874716-19-000013,ok,
1716,47217,HP INC,internal,,,Enrique J. Lores President and CEO,0001206774-21-000494,ok,,,Dion J. Weisler President and CEO,0001206774-19-000588,ok,
1068,315189,DEERE & CO,internal,,,John C. May Chairman and Chief Executive Officer,0001206774-21-000055,ok,,,Samuel R. Allen Chairman and Chief Executive Officer,0001206774-19-000056,ok,
8883,1652044,ALPHABET INC,internal,,,Sundar Pichai,0001308179-21-000256,ok,,,"Larry Page(6) Chief Executive Officer, Alphabet, and Co-Founder",0001308179-19-000205,ok,
8387,1324424,EXPEDIA GROUP INC,external,,,Peter KernVice Chairman and Chief Executive Officer,0001324424-21-000033,ok,,,Mark D. Okerstrom,0001193125-19-277796,ok,
511,315213,ROBERT HALF INTL INC,internal,,,Waddell,0001140361-21-012908,ok,,,"Harold M. Messmer, Jr. Chairman and Chief Executive Officer",0001193125-19-110466,ok,
501,12927,BOEING CO,external,,,David L. Calhoun,0001193125-21-071321,ok,,,Dennis A. Muilenburg,0001193125-19-076793,ok,
2659,73309,NUCOR CORP,internal,,,Leon J. Topalian,0001193125-21-095511,ok,,,John J. Ferriola,0001193125-19-082856,ok,
4623,1555280,ZOETIS INC,internal,,,​,0001104659-21-046821,ok,,,Juan Ramón Alaix,0001193125-19-095103,ok,
7848,1041061,YUM BRANDS INC,internal,,,David W. Gibbs,0001193125-21-103995,ok,,,Greg Creed,0001193125-19-099256,ok,
1731,48039,HOLLYFRONTIER CORP,external,,,Michael C. Jennings Chief Executive Officer and President,0001193125-21-094218,ok,,,George J. Damiris Chief Executive Officer and President,0001193125-19-081851,ok,
1882,51143,INTL BUSINESS MACHINES CORP,internal,,,,0001193125-21-073223,ceo-row-not-found,,,"V.M. Rometty, Chairman, President and CEO",0001193125-20-067199,ok,
6660,910606,REGENCY CENTERS CORP,internal,,,Lisa Palmer President and Chief Executive Officer,0001193125-21-091614,ok,,,"Martin E. Stein, Jr. Executive Chairman of the Board (Former CEO)",0001193125-20-072245,ok,
9029,1336917,UNDER ARMOUR INC,internal,,,Patrik Frisk(1),0001193125-21-096501,ok,,,Kevin Plank (1),0001193125-20-107120,ok,
6801,916365,TRACTOR SUPPLY CO,external,,,Harry A. Lawton III (6),0001193125-22-086846,ok,,,Gregory A. SandfortFormer Chief Executive Officer and Current Director,0000916365-20-000073,ok,
2587,320187,NIKE INC -CL B,external,,,John Donahoe II President and Chief Executive Officer,0000320187-22-000041,ok,,,John J. Donahoe II(6) President and Chief Executive Officer,0000320187-20-000049,ok,
414,10795,BECTON DICKINSON & CO,internal,,,"Thomas E. PolenChairman of the Board, Chief Executive Officer and President",0000010795-22-000084,ok,,,Vincent A. Forlenza,0000010795-20-000064,ok,
3465,96021,SYSCO CORP,external,,,,0001308179-22-000374,ceo-row-not-found,,,,0001308179-20-000279,ceo-row-not-found,
4211,793952,HARLEY-DAVIDSON INC,external,,,Jochen ZeitzPresident and Chief Executive Officer,0000793952-22-000023,ok,,,,0000793952-20-000040,ceo-row-not-found,
1473,38777,FRANKLIN RESOURCES INC,internal,,,Jennifer M. Johnson  President and Chief Executive Officer,0001308179-22-000433,ok,,,Jennifer M. Johnson President and Chief Executive Officer,0001206774-20-003248,ok,
1148,1666700,DUPONT DE NEMOURS INC,internal,,,Edward D. Breen(f),0001193125-22-100347,ok,,,C. Marc Doyle(h) Former Chief Executive Officer,0001193125-20-102532,ok,
1772,1130310,CENTERPOINT ENERGY INC,external,,,,0001193125-22-073412,ok,,,,0001193125-20-072951,ok,
1118,1744489,DISNEY (WALT) CO,internal,,,ROBERT A. CHAPEK Chief Executive Officer2,0001193125-22-012592,ok,,,​,0001047469-20-000304,ok,
9416,1510295,MARATHON PETROLEUM CORP,external,,,Michael J. HenniganPresident and CEO,0001510295-22-000023,ok,,,Gary R. Heminger,0001510295-20-000017,ok,
3890,106040,WESTERN DIGITAL CORP,external,,,David V. Goeckeler,0001206774-22-002479,ok,,,David V. Goeckeler Chief Executive Officer,0001206774-20-002833,ok,
4760,789570,MGM RESORTS INTERNATIONAL,internal,,,William J. Hornbuckle Chief Executive Officer and President,0001140361-22-011198,ok,,,James J. Murren Chairman of the Board and Chief Executive Officer,0001140361-20-007210,ok,
5765,875320,VERTEX PHARMACEUTICALS INC,internal,,,Reshma Kewalramani(2) CEO and President,0001308179-22-000210,ok,,,"Executive Chairman (CEO and President through March 31, 2020)",0001308179-20-000229,ok,
32,1800,ABBOTT LABORATORIES,internal,,,,0001206774-22-000778,ceo-row-not-found,,,,0001047469-20-001466,ceo-row-not-found,
5185,1283699,T-MOBILE US INC,internal,,,G. Michael Sievert,0001193125-22-123750,ok,,,John J. Legere,0001193125-20-113504,ok,
9266,1410636,AMERICAN WATER WORKS CO INC,internal,,,Walter J. Lynch President and Chief Executive Officer (6),0001193125-22-087507,ok,,,Susan N. Story,0001193125-20-092636,ok,
2876,764180,ALTRIA GROUP INC,internal,,,,0001206774-22-001025,ceo-row-not-found,,,"Howard A. Willard III, Chairman of the Board and CEO, Altria Group, Inc.",0001206774-20-001025,ok,
6804,915913,ALBEMARLE CORP,external,,,"J. Kent Masters, Jr.",0000915913-22-000091,ok,,,◦,0000915913-20-000084,ok,
2325,1613103,MEDTRONIC PLC,internal,,,Geoffrey S. Martha (1) Chairman and Chief Executive Officer,0001193125-22-225369,ok,,,Omar Ishrak,0001193125-20-220558,ok,
3285,91576,KEYCORP,internal,,,Christopher M. Gorman Chairman and CEO,0001193125-22-084578,ok,,,Beth E. Mooney,0001193125-20-097263,ok,
3670,100517,UNITED CONTINENTAL HLDGS INC,internal,,,​,0001104659-22-046108,ok,,,Oscar Munoz,0001047469-20-002218,ok,
2830,922224,PPL CORP,internal,,,Vincent Sorgi  President and Chief  Executive Officer (CEO),0001193125-22-097159,ok,,,William H. Spence  Chairman and Chief  Executive Officer (CEO),0001193125-20-095982,ok,
1324,37785,FMC CORP,internal,,,MARK DOUGLAS,0001308179-22-000048,ok,,,PIERRE BRONDEAU Chief Executive Officer and Chairman of the Board,0001308179-20-000028,ok,
3723,1090727,UNITED PARCEL SERVICE INC,external,,,,0001206774-22-000792,ceo-row-not-found,,,David P. Abney,0001206774-20-000863,ok,
2165,936468,LOCKHEED MARTIN CORP,external,,,"2021 CEO Target Pay Mix. We believe that the compensation opportunities of our CEO should be predominantly variable, and the variable elements of the compensation package should tie to the Company’s long-term success and the achievement of sustainable long-term total returns to our stockholders. As shown in the chart to the right, a significant portion of our CEO’s target compensation is variable and in the form of LTI with more than half of total target pay in the form of equity-based incentives.Base Salary. In 2021, Mr. Taiclet’s annual base salary was set at $1,751,000.2021 Annual Incentive. Mr. Taiclet’s target annual incentive amount for 2021 was 185% of salary or $3,239,350.2021-2023 Long-Term Incentives. In 2021, Mr. Taiclet was granted an annual LTI award of approximately $14 million, which was allocated 50% in PSUs, 30% in RSUs, and 20% in the cash-based LTIP. RSUs will cliff-vest after three years, while the payout of PSUs and LTIP will be based upon our results at the end of the three-year performance period relative to the three-year performance goals that were established in the beginning of 2021. Benefit and Retirement Plans. Mr. Taiclet is eligible for benefit and retirement programs, similar to other salaried employees. None of our NEOs received additional years of service credits or other forms of formula enhancements under our benefit or retirement plans. Mr. Taiclet does not participate in our pension plan, as the salaried pension plan was closed to employees hired after December 31, 2005 and fully frozen effective January 1, 2020.",0000936468-22-000033,ok,,,"2019 CEO Target Pay Mix. We believe that the compensation opportunities of our CEO should be predominantly variable, and the variable elements of the compensation package should tie to the Corporation’s long-term success and the achievement of sustainable long-term total returns to our stockholders. As shown in the chart to the right, a significant portion of our CEO’s target compensation is variable and in the form of LTI with more than half of total target pay in the form of equity-based incentives.Base Salary. In 2019, Ms. Hewson’s base salary was set at $1,798,000.2019 Annual Incentive. Ms. Hewson’s target annual incentive amount for 2019 was 175% of salary or $3,146,500.2019-2021 Long-Term Incentives. In 2019, Ms. Hewson was granted an LTI award of approximately $14.3 million, which was allocated 50% in Performance Stock Units (PSUs), 30% in Restricted Stock Units (RSUs), and 20% in the cash-based Long-Term Incentive Performance award (LTIP). RSUs will cliff-vest after three years, while the vesting of PSUs and LTIP will be based upon our results at the end of the three-year vesting period relative to the three-year performance goals that were established in the beginning of 2019.Benefit and Retirement Plans. Ms. Hewson is eligible for benefit and retirement programs, similar to other salaried employees. None of our NEOs received additional years of service credits or other forms of formula enhancements under our benefit or retirement plans. Our pension formula is based on years of service and pension eligible compensation, which is similar to the formula offered by other companies with defined benefit plans. The compensation element of the pension calculation was frozen effective January 1, 2016, so only the service element of the pension calculation resulted in an increase in Ms. Hewson’s accrued pension benefit during 2019. Effective January 1, 2020, the pension benefit is fully frozen. The change in pension value for Ms. Hewson reported in the Summary Compensation Table for 2019 was also significantly affected by the change in the discount rate, as well as changes in life expectancy (longevity) assumptions.",0000936468-20-000024,ok,
3317,732717,AT&T INC,internal,,,J. STANKEY CEO,0001193125-22-081678,ok,,,R. Stephenson Chairman and CEO,0001193125-20-070302,ok,
4307,798354,FISERV INC,external,,,Frank J. Bisignano(5),0001193125-22-096170,ok,,,,0001193125-20-094642,ceo-row-not-found,
8540,1116132,TAPESTRY INC,internal,,,​,0001140361-22-035475,ok,,,​,0001140361-20-021572,ok,
7060,935703,DOLLAR TREE INC,internal,,,​,0001104659-22-062246,ok,,,​,0001047469-20-002550,ok,
838,21076,CLOROX CO/DE,internal,,,Linda Rendle Chief Executive Officer,0001206774-22-002489,ok,,,Benno Dorer Chair and Chief Executive Officer,0001206774-20-002845,ok,
9127,1359841,HANESBRANDS INC,external,,,Stephen B. Bratspies,0001206774-22-000683,ok,,,"Gerald W. Evans, Jr. Chief Executive Officer",0001206774-20-000827,ok,
4144,1024305,COTY INC,external,,,"Sue Nabi, Chief Executive Officer",0001024305-22-000060,ok,,,"Peter Harf, Interim Chief Executive Officer",0001024305-20-000093,ok,
1048,313616,DANAHER CORP,internal,,,Rainer  M. Blair  President and CEO,0001308179-22-000139,ok,,,,0001193125-20-084393,ok,
10105,1000697,WATERS CORP,external,,,"Dr. Udit Batra, Ph.D. President and Chief Executive Officer (a)",0001193125-22-104969,ok,,,,0001193125-20-095418,ceo-row-not-found,
1126,715957,DOMINION ENERGY INC,internal,,,Robert M. Blue,0001206774-22-000855,ok,,,"Thomas F. Farrell, II Chairman, President and Chief Executive Officer",0001193125-20-085080,ok,
1457,37996,FORD MOTOR CO,internal,,,​,0001104659-22-041499,ok,,,,0001047469-20-002039,ceo-row-not-found,
3661,100493,TYSON FOODS INC  -CL A,external,,,"Donnie King, President and Chief Executive Officer",0000100493-22-000129,ok,,,"Noel White, Chief Executive Officer",0000100493-20-000207,ok,
1684,766704,WELLTOWER INC,internal,,,Shankh Mitra,0001308179-22-000216,ok,,,Thomas J. DeRosa,0001193125-20-079956,ok,
2691,1031296,FIRSTENERGY CORP,internal,,,Steven E. Strah President & CEO,0001193125-22-082777,ok,,,Charles E. Jones President & CEO,0001193125-20-093494,ok,
961,201533,CMS ENERGY CORP,internal,,,​,0001140361-22-010882,ok,,,"Patricia K. Poppe  President and CEO, CMS and Consumers",0001140361-20-006319,ok,
4923,832101,IDEX CORP,internal,,,"Eric D. Ashleman,  Chief Executive Officer and President",0001193125-22-082200,ok,,,"Andrew K. Silvernail, Chairman, President and Chief Executive Officer",0001193125-20-080070,ok,
8528,1059556,MOODY'S CORP,internal,,,Robert Fauber,0001193125-22-077265,ok,,,President and Chief Executive Officer,0001193125-20-070097,ok,
1232,31462,ECOLAB INC,internal,,,,0001558370-22-003929,ceo-row-not-found,,,"Douglas M. Baker, Jr.",0001558370-21-003266,ok,
9981,352915,UNIVERSAL HEALTH SVCS INC,internal,,,"Marc D. Miller, Chief Executive Officer and President(8.)",0001193125-22-098067,ok,,,"Alan B. Miller,  Executive Chairman (8.)",0001564590-21-017879,ok,
8878,1141391,MASTERCARD INC,internal,,,Michael Miebach6President and Chief Executive Officer,0001141391-22-000099,ok,,,Ajay BangaChief Executive Officer,0001141391-21-000098,ok,
8916,1300514,LAS VEGAS SANDS CORP,internal,,,Robert G. Goldstein(5) Chairman of the Board and Chief Executive Officer,0001193125-23-086554,ok,,,"Sheldon G. Adelson(4) Chairman of the Board, Chief Executive Officer and Treasurer",0001308179-21-000126,ok,
9931,64803,CVS HEALTH CORP,internal,,,Karen S. Lynch  President and Chief Executive Officer,0001308179-23-000606,ok,,,Larry J. Merlo,0001206774-21-000974,ok,
2884,78239,PVH CORP,internal,,,"Stefan Larsson  Chief Executive Officer, PVH Corp.",0001213900-23-038132,ok,,,"EMANUEL CHIRICO7,  Chairman and Chief Executive Officer, PVH Corp.",0001140361-21-016474,ok,
3714,731766,UNITEDHEALTH GROUP INC,internal,,,​,0001104659-23-048439,ok,,,David S. Wichmann(1),0001047469-21-001031,ok,
1262,32604,EMERSON ELECTRIC CO,internal,,,S. L. Karsanbhai President and Chief Executive Officer(6),0001193125-23-291718,ok,,,S. L. Karsanbhai  Chief Executive Officer and  President(5),0001193125-21-353934,ok,
1858,50863,INTEL CORP,external,,,Patrick P. Gelsinger,0000050863-23-000021,ok,,,Robert H. Swan1 Former Chief Executive Officer,0001193125-21-098458,ok,
6630,1048286,MARRIOTT INTL INC,internal,,,,0001140361-23-014123,ok,,,Arne M. Sorenson Former President and Chief Executive Officer,0001193125-21-105765,ok,
890,831001,CITIGROUP INC,internal,,,,0001206774-23-000374,ceo-row-not-found,,,Michael Corbat CEO,0001206774-21-000735,ok,
167,5272,AMERICAN INTERNATIONAL GROUP,internal,,,Peter ZaffinoChairman & Chief Executive Officer,0000005272-23-000014,ok,,,Brian Duperreault,0001104659-21-044034,ok,
3840,1618921,WALGREENS BOOTS ALLIANCE INC,external,,,Rosalind G. Brewer Former Chief Executive Officer,0001308179-23-001069,ok,,,Stefano Pessina Executive Chairman and Former CEO,0001206774-21-002831,ok,
6412,827054,MICROCHIP TECHNOLOGY INC,internal,,,"Ganesh Moorthy,CEO and President",0000827054-23-000104,ok,,,"Steve Sanghi,Executive Chair and Former CEO",0000827054-21-000174,ok,
74,766421,ALASKA AIR GROUP INC,internal,,,,0000950170-23-009765,ok,,,,0001564590-21-015809,ok,
7913,1037646,METTLER-TOLEDO INTL INC,external,,,(2),0001552781-23-000117,ok,,,Olivier A. Filliol,0001104659-21-036018,ok,
5331,1601712,SYNCHRONY FINANCIAL,internal,,,Brian Doubles,0001193125-23-090318,ok,,,Keane,0001193125-21-107599,ok,
10156,1111928,IPG PHOTONICS CORP,internal,,,Eugene Scherbakov Chief Executive Officer(4)(5),0001111928-23-000071,ok,,,Valentin P. Gapontsev Chief Executive Officer and Chairman of the Board(4),0001111928-21-000084,ok,
2610,72741,EVERSOURCE ENERGY,internal,,,"Joseph R. Nolan, Jr.﻿(1)  Chairman, President and Chief  Executive Officer",0001104659-23-036597,ok,,,"James J. Judge Chairman, President and Chief Executive Officer",0001104659-21-042415,ok,
9281,1413329,PHILIP MORRIS INTERNATIONAL,internal,,,​,0001104659-23-036062,ok,,,"André Calantzopoulos, Chief Executive Officer",0001193125-21-093264,ok,
802,723254,CINTAS CORP,internal,,,Todd M. Schneider,0000723254-23-000030,ok,,,Scott D. Farmer,0000723254-21-000026,ok,
9224,1403568,ULTA BEAUTY INC,internal,,,,0001558370-23-006272,ceo-row-not-found,,,,0001558370-21-004554,ceo-row-not-found,
3662,100493,TYSON FOODS INC  -CL A,internal,,,"Donnie King, President and Chief Executive Officer",0000100493-23-000136,ok,,,"Donnie King, President and Chief Executive Officer",0000100493-21-000194,ok,
8079,1060391,REPUBLIC SERVICES INC,internal,,,Jon Vander Ark(4),0001564590-23-004660,ok,,,Donald W. Slager Chief Executive Officer,0001193125-21-107574,ok,
2710,1039684,ONEOK INC,external,,,PIERCE H. NORTON II President and Chief Executive Officer,0001193125-23-091474,ok,,,,0001193125-21-108105,ok,
2346,310158,MERCK & CO,internal,,,"Robert M. Davis Chairman, Chief Executive Officer and President",0001193125-23-089525,ok,,,Kenneth C. Frazier Chairman and Chief Executive Officer(12),0001193125-21-106317,ok,
1827,1466258,TRANE TECHNOLOGIES PLC,internal,,,D. S. Regnery Chair and Chief Executive Officer,0001466258-23-000108,ok,,,M. W. Lamach,0001206774-21-001209,ok,
10114,1018724,AMAZON.COM INC,internal,,,​,0001104659-23-044708,ok,,,​,0001104659-21-050333,ok,
6108,1757898,STERIS PLC,internal,,,Daniel A. Carestio,0001193125-23-162577,ok,,,,0001193125-21-184413,ceo-row-not-found,
2619,72903,XCEL ENERGY INC,internal,,,"Bob FrenzelChairman, President and CEO(6)",0000072903-23-000017,ok,,,Ben FowkeChairman and CEO(7),0000072903-21-000021,ok,
5026,821189,EOG RESOURCES INC,internal,,,EZRA Y. YACOB Chairman of the Board and Chief Executive Officer,0001193125-23-100629,ok,,,William R. Thomas,0001193125-21-087493,ok,
1675,46080,HASBRO INC,internal,,,Chair of the Board; Former Interim Chief Executive Officer,0001193125-23-088813,ok,,,Brian Goldner,0001193125-21-103394,ok,
8402,1094285,TELEDYNE TECHNOLOGIES INC,internal,,,"Robert Mehrabian Chairman, President and Chief Executive Officer (Principal Executive Officer)",0001193125-23-066119,ok,,,Aldo Pichelli President and Chief Executive Officer (Principal Executive Officer),0001193125-21-071697,ok,
10358,1755672,CORTEVA INC,external,,,Charles V. Magro Chief Executive Officer,0001193125-23-067536,ok,,,"James C. Collins, Jr. Chief Executive Officer",0001193125-21-096500,ok,
2965,80424,PROCTER & GAMBLE CO,internal,,,,0001193125-23-220645,ceo-row-not-found,,,,0001193125-21-258124,ceo-row-not-found,
9122,1365135,WESTERN UNION CO,external,,,•,0001206774-23-000419,ok,,,Hikmet Ersek(6),0001206774-21-000958,ok,
4537,813672,CADENCE DESIGN SYSTEMS INC,internal,,,Anirudh Devgan President and Chief Executive Officer,0001193125-23-076688,ok,,,Lip-Bu Tan Chief Executive Officer,0001193125-21-096518,ok,
4124,1113169,PRICE (T. ROWE) GROUP,internal,,,,0001104659-23-034918,ceo-row-not-found,,,,0001104659-21-040955,ceo-row-not-found,
8843,1267238,ASSURANT INC,internal,,,,0001267238-23-000020,ok,,,,0001628280-21-005278,ok,
3694,1002910,AMEREN CORP,internal,,,"Martin J. Lyons, Jr.  President and Chief Executive Officer, Ameren",0001104659-23-037751,ok,,,"Martin J. Lyons, Jr.  President and Chief Executive Officer, Ameren",0001104659-22-039462,ok,
1978,200406,JOHNSON & JOHNSON,internal,,,J. DuatoChairman/CEO,0000200406-24-000024,ok,,,Alex GorskyChairman/CEO,0000200406-22-000026,ok,
6464,884887,ROYAL CARIBBEAN CRUISES LTD,internal,,,Jason T. Liberty President & Chief Executive Officer and Former Chief Financial Officer,0001140361-24-020353,ok,,,,0001206774-22-001125,ceo-row-not-found,
6824,915912,AVALONBAY COMMUNITIES INC,external,,,Benjamin W. Schall Chief Executive Officer & President,0001308179-24-000352,ok,,,Timothy J. Naughton,0001308179-22-000204,ok,
8762,1174922,WYNN RESORTS LTD,internal,,,Craig S. BillingsChief Executive Officer,0001193125-24-072687,ok,,,MATT MADDOX Former Director and Chief Executive Officer,0001193125-22-084035,ok,
3312,92380,SOUTHWEST AIRLINES,internal,,,Robert E. Jordan Chief Executive Officer & President,0001193125-24-087857,ok,,,Gary C. Kelly,0001193125-22-099501,ok,
3965,783325,WEC ENERGY GROUP INC,internal,,,Scott  J. Lauber  President and CEO,0000930413-24-001170,ok,,,J. Kevin Fletcher(1)President and CEO,0000107815-22-000154,ok,
10167,1410636,AMERICAN WATER WORKS CO INC,internal,,,M. Susan Hardwick President and Chief Executive Officer (6),0001193125-24-077207,ok,,,Walter J. Lynch President and Chief Executive Officer (6),0001193125-22-087507,ok,
2615,1111711,NISOURCE INC,external,,,​,0001140361-24-016755,ok,,,​,0001140361-22-014963,ok,
1888,51253,INTL FLAVORS & FRAGRANCES,external,,,"Frank K. Clyburn, Jr. CEO",0001140361-24-014498,ok,,,Andreas Fibig,0001193125-22-084681,ok,
6046,1707925,LINDE PLC,internal,,,"Sanjiv Lamba,",0001193125-24-121902,ok,,,,0001654954-22-014109,ceo-row-not-found,
1740,354950,HOME DEPOT INC,internal,,,"Edward P. DeckerChair, President and Chief Executive Officer",0000354950-24-000108,ok,,,Craig A. MenearChairman and Chief Executive Officer(6),0000354950-22-000116,ok,
1327,753308,NEXTERA ENERGY INC,internal,,,​,0001104659-24-041966,ok,,,James L. Robo,0001193125-22-093764,ok,
16,6201,AMERICAN AIRLINES GROUP INC,internal,,,Chief Executive Officer,0001193125-24-114008,ok,,,Doug Parker(e),0001193125-22-127772,ok,
10061,829224,STARBUCKS CORP,external,,,,,no-proxy-for-year,,,Kevin  R. Johnson president and chief executive officer,0001206774-22-000270,ok,
8677,1071739,CENTENE CORP,internal,,,Sarah M. London,0001071739-24-000069,ok,,,,0001071739-22-000308,ceo-row-not-found,
4610,818479,DENTSPLY SIRONA INC,external,,,​,0001140361-24-019103,ok,,,"Donald M. Casey, Jr. Chief Executive Officer",0001193125-22-104387,ok,
5303,1601046,KEYSIGHT TECHNOLOGIES INC,internal,,,​,0001140361-24-004271,ok,,,​,0001140361-22-002491,ok,
2601,702165,NORFOLK SOUTHERN CORP,internal,,,,,no-proxy-for-year,,,,0001552781-22-000298,ok,
4239,906163,NVR INC,internal,,,Eugene J. Bredow,0000906163-24-000062,ok,,,Paul C. Saville,0000906163-22-000021,ok,
9324,1442145,VERISK ANALYTICS INC,internal,,,Lee M. Shavel(4),0001193125-24-087955,ok,,,Scott G. Stephenson,0001193125-22-106283,ok,
2150,59558,LINCOLN NATIONAL CORP,internal,,,Ellen G. Cooper,0001193125-24-092543,ok,,,Dennis R. Glass,0001193125-22-105030,ok,
7081,940944,DARDEN RESTAURANTS INC,internal,,,Ricardo Cardenas,0000950170-24-090429,ok,,,"Eugene I. Lee, Jr. Executive Chairman of the Board and our previous Chairman and Chief Executive Officer",0001193125-22-214463,ok,
10067,891103,MATCH GROUP INC,external,,,Bernard Kim,0000891103-24-000049,ok,,,Sharmistha Dubey,0001104659-22-053647,ok,
1336,1048911,FEDEX CORP,internal,,,Rajesh Subramaniam President and Chief Executive Officer (Principal Executive Officer),0001308179-24-000696,ok,,,Frederick  W. Smith  Chairman of the Board and Chief Executive Officer (Principal Executive Officer),0001206774-22-002023,ok,
10152,1336917,UNDER ARMOUR INC,external,,,President and Chief Executive Officer; Former Executive Chair and Brand Chief,0001193125-24-170497,ok,,,Patrik Frisk(4),0001193125-22-083911,ok,
3366,93556,STANLEY BLACK & DECKER INC,internal,,,"Donald  Allan, Jr.,",0001206774-24-000242,ok,,,"James M. Loree, CEO",0001206774-22-000635,ok,
10375,1534701,PHILLIPS 66,internal,,,Mark Lashier,0001534701-24-000095,ok,,,CEO,0001206774-22-000928,ok,
1371,35527,FIFTH THIRD BANCORP,internal,,,,0001193125-24-058164,ceo-row-not-found,,,,0001193125-22-061400,ceo-row-not-found,
10316,1418135,KEURIG DR PEPPER INC,internal,,,Robert Gamgort Executive Chairman and Former Chief Executive Officer(1),0001193125-24-118204,ok,,,Robert Gamgort Chairman and CEO,0001193125-22-133702,ok,
1027,26172,CUMMINS INC,internal,,,,0001104659-24-041821,ceo-row-not-found,,,"N. T. Linebarger, Chairman and Chief Executive Officer",0001104659-22-038414,ok,
661,721371,CARDINAL HEALTH INC,internal,,,Jason M. Hollar,0000721371-24-000103,ok,,,Michael C. Kaufmann(2)  Chief Executive Officer,0001308179-22-000365,ok,
9584,723531,PAYCHEX INC,internal,,,John B. Gibson President and CEO,0001193125-24-210377,ok,,,Martin Mucci Chairman and CEO,0001193125-22-237057,ok,
7669,1022079,QUEST DIAGNOSTICS INC,internal,,,James E. Davis,0000930413-24-001247,ok,,,Stephen H. Rusckowski,0000947871-22-000463,ok,
1124,29534,DOLLAR GENERAL CORP,internal,,,​,0001104659-24-044304,ok,,,​,0001104659-22-041763,ok,
9883,18926,LUMEN TECHNOLOGIES INC,external,,,Ms. Johnson,0000018926-24-000046,ok,,,Jeffrey K. Storey President and CEO,0000018926-22-000013,ok,
10213,1418135,KEURIG DR PEPPER INC,internal,,,Robert Gamgort Executive Chairman and Former Chief Executive Officer(1),0001193125-24-118204,ok,,,Robert Gamgort Chairman and CEO,0001193125-22-133702,ok,
2868,1109357,EXELON CORP,internal,,,,0001109357-24-000076,ok,,,Setting Target Compensation  for Executive Officers,0001206774-22-000727,ok,
