transition_id,cik,coname,classification,predecessor,successor,pred_last_full_fy,pred_proxy_year,succ_first_full_fy,succ_proxy_year
1323,37785,FMC CORP,external,William Gerald Walter,Pierre R. Brondeau,2009,2010,2010,2011
4158,1465112,DIRECTV,external,Larry D. Hunter,Michael D. White,2009,2010,2010,2011
8488,1035267,INTUITIVE SURGICAL INC,internal,Lonnie M. Smith,"Gary S. Guthart, Ph.D.",2009,2010,2010,2011
3370,93751,STATE STREET CORP,internal,Ronald E. Logue,"Joseph L. Hooley, Esq.",2009,2010,2011,2012
1379,1281761,REGIONS FINANCIAL CORP,internal,C. Dowd Ritter,"O. B. Grayson Hall, Jr.",2009,2010,2011,2012
1593,42582,GOODYEAR TIRE & RUBBER CO,internal,Robert J. Keegan,Richard J. Kramer,2009,2010,2011,2012
1294,33213,EQT CORP,internal,Murry Steven Gerber,David L. Porges,2009,2010,2011,2012
3553,50104,ANDEAVOR,external,Bruce Anderson Smith,Gregory J. Goff,2009,2010,2011,2012
537,14272,BRISTOL-MYERS SQUIBB CO,internal,James Milton Cornelius,Lamberto Andreotti,2009,2010,2011,2012
959,201533,CMS ENERGY CORP,internal,David W. Joos,John G. Russell,2009,2010,2011,2012
697,18230,CATERPILLAR INC,internal,James W. Owens,Douglas Ray Oberhelman,2009,2010,2011,2012
8661,1326380,GAMESTOP CORP,internal,Daniel A. DeMatteo,J. Paul Raines,2009,2010,2011,2012
5819,875045,BIOGEN INC,internal,James C. Mullen,John Richels,2009,2010,2011,2012
4871,1090012,DEVON ENERGY CORP,external,J. Larry Nichols,"George A. Scangos, Ph.D.",2009,2010,2011,2012
4579,816284,CELGENE CORP,internal,"Sol J. Barer, Ph.D.","Robert J. Hugin, MBA",2009,2010,2011,2012
3017,751652,QUESTAR CORP,internal,Keith O. Rattie,Ronald W. Jibson,2009,2010,2011,2012
8877,1141391,MASTERCARD INC,external,Robert W. Selander,Ajaypal S. Banga,2009,2010,2011,2012
2807,723531,PAYCHEX INC,internal,Jonathan J. Judge,Martin Mucci,2009,2010,2011,2012
477,12659,BLOCK H & R INC,external,Russell P. Smyth,Alan Munro Bennett,2009,2010,2011,2012
3477,350563,TECO ENERGY INC,internal,Sherrill Wayne Hudson,John Braulio Ramil,2009,2010,2011,2012
1713,47217,HP INC,external,Mark Vincent Hurd,Leo Apotheker,2009,2010,2011,2012
9121,1365135,WESTERN UNION CO,internal,Christina Albehdina Gold,Hikmet Ersek,2009,2010,2011,2012
1082,936340,DTE ENERGY CO,internal,"Anthony F. Earley, Jr.",Gerard M. Anderson,2009,2010,2011,2012
3949,36270,WILMINGTON TRUST CORP,external,William J. Farrell II,Donald E. Foley,2009,2010,2011,2012
4804,800240,OFFICE DEPOT INC,external,Stephen A. Odland,Neil R. Austrian,2009,2010,2011,2012
3252,90185,SIGMA-ALDRICH CORP,internal,"Jai P. Nagarkatti, Ph.D.",Rakesh Sachdev,2009,2010,2011,2012
3304,92122,SOUTHERN CO,internal,David M. Ratcliffe,Thomas A. Fanning,2009,2010,2011,2012
2859,78003,PFIZER INC,internal,"Jeffrey B. Kindler, Esq., J.D.",Ian C. Read,2009,2010,2011,2012
5656,873364,CEPHALON INC,internal,"Frank Baldino, Jr., Ph.D.",J. Kevin Buchi,2009,2010,2011,2012
8578,37748,MASSEY ENERGY CO,internal,Donald L. Blankenship,"Baxter F. Phillips, Jr.",2009,2010,2011,2012
7253,1000180,SANDISK CORP,internal,Eli Harari,Sanjay Mehrotra,2009,2010,2011,2012
3936,107263,WILLIAMS COS INC,internal,Steven J. Malcolm,Alan S. Armstrong,2009,2010,2011,2012
2345,310158,MERCK & CO,internal,Richard T. Clark,Kenneth C. Frazier,2010,2011,2011,2012
8078,1060391,REPUBLIC SERVICES INC,internal,James E. O'Connor,Donald W. Slager,2010,2011,2011,2012
4830,20286,CINCINNATI FINANCIAL CORP,internal,Kenneth William Stecher,Steven J. Johnston,2010,2011,2011,2012
2453,68505,MOTOROLA SOLUTIONS INC,internal,"Sanjay K. Jha, Ph.D., B.E.",Gregory Q. Brown,2010,2011,2012,2013
2672,797468,OCCIDENTAL PETROLEUM CORP,internal,Ray R. Irani,Stephen I. Chazen,2010,2011,2012,2013
45,2488,ADVANCED MICRO DEVICES,external,Derrick R. Meyer,Rory P. Read,2010,2011,2012,2013
10384,1457543,CAREFUSION CORP,external,David L. Schlotterbeck,Kieran T. Gallahue,2010,2011,2012,2013
1444,1124198,FLUOR CORP,internal,"Alan Lee Boeckmann, B.E.",David Thomas Seaton,2010,2011,2012,2013
2007,1310067,SEARS HOLDINGS CORP,external,William Bruce Johnson,Louis Joseph D'Ambrosio,2010,2011,2012,2013
8253,1275283,REYNOLDS AMERICAN INC,internal,Susan M. Cameron,Daniel M. Delen,2010,2011,2012,2013
2331,64803,CVS HEALTH CORP,internal,Thomas M. Ryan,Larry J. Merlo,2010,2011,2012,2013
7261,1001288,LEXMARK INTL INC -CL A,internal,Paul J. Curlander,Paul A. Rooke,2010,2011,2012,2013
8879,1274057,HOSPIRA INC,external,Christopher B. Begley,F. Michael Ball,2010,2011,2012,2013
8882,1652044,ALPHABET INC,internal,Eric E. Schmidt,Lawrence Edward Page,2010,2011,2012,2013
3519,1018963,ALLEGHENY TECHNOLOGIES INC,internal,L. Patrick Hassey,Richard J. Harshman,2010,2011,2012,2013
7360,1020569,IRON MOUNTAIN INC,internal,Robert T. Brennan,C. Richard Reese,2010,2011,2012,2013
2324,1613103,MEDTRONIC PLC,external,"William A. Hawkins, III, M.B.A.",S. Omar Ishrak,2010,2011,2012,2013
2759,1004980,PG&E CORP,external,Peter A. Darbee,"Anthony F. Earley, Jr.",2010,2011,2012,2013
3284,91576,KEYCORP,internal,"Henry L. Meyer, III",Beth E. Mooney,2010,2011,2012,2013
7974,1050915,QUANTA SERVICES INC,internal,John R. Colson,"James Francis O'Neil, III",2010,2011,2012,2013
8462,1099219,METLIFE INC,internal,Carl Robert Henrikson,Steven Albert Kandarian,2010,2011,2012,2013
478,12659,BLOCK H & R INC,external,Alan Munro Bennett,William C. Cobb,2010,2011,2012,2013
1707,47111,HERSHEY CO,internal,David J. West,John P. Bilbrey,2010,2011,2012,2013
6275,859014,COMPUWARE CORP,internal,"Peter Karmanos, Jr.",Robert C. Paul,2010,2011,2012,2013
2767,1032208,SEMPRA ENERGY,internal,Donald E. Felsinger,Debra Lynn Reed-Klages,2010,2011,2012,2013
2569,814453,NEWELL BRANDS INC,external,Mark D. Ketchum,Michael B. Polk,2010,2011,2012,2013
649,16732,CAMPBELL SOUP CO,internal,Douglas R. Conant,Denise Mullen Morrison,2010,2011,2012,2013
419,732712,VERIZON COMMUNICATIONS INC,internal,Ivan G. Seidenberg,Lowell C. McAdam,2010,2011,2012,2013
7959,1014473,VERISIGN INC,internal,Mark D. McLaughlin,D. James Bidzos,2010,2011,2012,2013
2618,72903,XCEL ENERGY INC,internal,Richard C. Kelly,"Benjamin Gwynn Stonestreet Fowke, III",2010,2011,2012,2013
245,320193,APPLE INC,internal,Steven P. Jobs,Timothy D. Cook,2010,2011,2012,2013
1714,47217,HP INC,external,Leo Apotheker,Margaret Cushing Whitman,2010,2011,2012,2013
5724,874761,AES CORP,internal,Paul T. Hanrahan,"Andres R. Gluski, Ph.D.",2010,2011,2012,2013
413,10795,BECTON DICKINSON & CO,internal,"Edward J. Ludwig, M.B.A.",Vincent A. Forlenza,2010,2011,2012,2013
1497,39899,TEGNA INC,internal,Craig A. Dubow,Gracia Catherine Martore,2010,2011,2012,2013
125,789073,BEAM INC,internal,Bruce A. Carbonari,Matthew John Shattock,2010,2011,2012,2013
6097,885725,BOSTON SCIENTIFIC CORP,internal,J. Raymond Elliott,William H. Kucheman,2010,2011,2012,2013
9131,1274494,FIRST SOLAR INC,external,Robert J. Gillette,James A. Hughes,2010,2011,2012,2013
227,1163739,NABORS INDUSTRIES LTD,internal,Eugene M. Isenberg,Anthony G. Petrello,2010,2011,2012,2013
1801,216228,ITT INC,internal,Steven R. Loranger,Denise L. Ramos,2010,2011,2012,2013
307,8670,AUTOMATIC DATA PROCESSING,internal,Gary C. Butler,Carlos A. Rodriguez,2010,2011,2012,2013
142,4904,AMERICAN ELECTRIC POWER CO,internal,Michael G. Morris,Nicholas K. Akins,2010,2011,2012,2013
2829,922224,PPL CORP,internal,James H. Miller,William H. Spence,2010,2011,2012,2013
3174,754737,SCANA CORP,internal,William B. Timmerman,Kevin B. Marsh,2010,2011,2012,2013
1026,26172,CUMMINS INC,internal,Theodore M. Solso,Norman Thomas Linebarger,2010,2011,2012,2013
2268,63276,MATTEL INC,internal,Robert A. Eckert,Bryan G. Stockton,2010,2011,2012,2013
10467,915912,AVALONBAY COMMUNITIES INC,internal,Bryce F. Blair,Timothy J. Naughton,2010,2011,2012,2013
2172,315852,RANGE RESOURCES CORP,internal,John Howard Pinkerton,Jeffrey L. Ventura,2011,2012,2012,2013
6644,909832,COSTCO WHOLESALE CORP,internal,James D. Sinegal,W. Craig Jelinek,2011,2012,2012,2013
1881,51143,INTL BUSINESS MACHINES CORP,internal,Samuel J. Palmisano,Virginia M. Rometty,2011,2012,2012,2013
6682,912615,URBAN OUTFITTERS INC,internal,Glen T. Senk,Richard A. Hayne,2011,2012,2013,2014
2372,723125,MICRON TECHNOLOGY INC,internal,Steven R. Appleton,Mark M. Dermot Durcan,2011,2012,2013,2014
3407,310764,STRYKER CORP,internal,Stephen P. MacMillan,Kevin A. Lobo,2011,2012,2013,2014
2399,66740,3M CO,internal,"George W. Buckley, Ph.D.","Inge G. Thulin, M.B.A.",2011,2012,2013,2014
3426,95304,SUNOCO INC,internal,Lynn Laverty Elsenhans,Brian P. MacDonald,2011,2012,2013,2014
2784,75829,PALL CORP,external,Eric Krasnoff,Lawrence D. Kingsley,2011,2012,2013,2014
1242,31978,EL PASO ELECTRIC CO,external,David Wayne Stevens,"Thomas V. Shockley, III",2011,2012,2013,2014
3697,100885,UNION PACIFIC CORP,internal,James R. Young,John J. Koraleski,2011,2012,2013,2014
920,1688568,DXC TECHNOLOGY COMPANY,external,Michael W. Laphen,John Michael Lawrie,2011,2012,2013,2014
6629,1048286,MARRIOTT INTL INC,internal,"John Willard Marriott, Jr.",Arne M. Sorenson,2011,2012,2013,2014
443,764478,BEST BUY CO INC,external,Brian J. Dunn,Hubert Joly,2011,2012,2013,2014
319,8868,AVON PRODUCTS,external,Andrea Jung,Sherilyn S. D. McCoy,2011,2012,2013,2014
1977,200406,JOHNSON & JOHNSON,internal,William C. Weldon,Alex Gorsky,2011,2012,2013,2014
8860,1276520,GENWORTH FINANCIAL INC,external,Michael Desmond Fraizer,Thomas J. McInerney,2011,2012,2013,2014
8757,1156375,CME GROUP INC,internal,Craig Steven Donohue,Phupinder S. Gill,2011,2012,2013,2014
7668,1022079,QUEST DIAGNOSTICS INC,external,Surya N. Mohapatra,Stephen H. Rusckowski,2011,2012,2013,2014
4082,773910,ANADARKO PETROLEUM CORP,internal,James T. Hackett,Robert A. Walker,2011,2012,2013,2014
2874,764180,ALTRIA GROUP INC,internal,Michael E. Szymanczyk,Martin J. Barrington,2011,2012,2013,2014
195,318154,AMGEN INC,internal,Kevin W. Sharer,Robert A. Bradway,2011,2012,2013,2014
2879,1163165,CONOCOPHILLIPS,internal,James J. Mulva,Ryan M. Lance,2011,2012,2013,2014
9031,1336920,LEIDOS HOLDINGS INC,external,Walter P. Havenstein,John P. Jumper,2011,2012,2013,2014
2461,717423,MURPHY OIL CORP,internal,David M. Wood,Steven A. Cosse,2011,2012,2013,2014
2299,63908,MCDONALD'S CORP,internal,James A. Skinner,Donald Thompson,2011,2012,2013,2014
4391,804212,AIRGAS INC,internal,Peter McCausland,Michael L. Molinini,2011,2012,2013,2014
3800,203527,VARIAN MEDICAL SYSTEMS INC,internal,Timothy E. Guertin,Dow R. Wilson,2011,2012,2013,2014
7402,931336,DEAN FOODS CO,internal,Gregg L. Engles,Gregg A. Tanner,2011,2012,2013,2014
1816,49826,ILLINOIS TOOL WORKS,internal,David B. Speer,E. Scott Santi,2011,2012,2013,2014
889,831001,CITIGROUP INC,internal,Vikram Shankar Pandit,Michael L. Corbat,2011,2012,2013,2014
9271,1403161,VISA INC,external,Joseph W. Saunders,Charles W. Scharf,2011,2012,2013,2014
6098,885725,BOSTON SCIENTIFIC CORP,internal,William H. Kucheman,Michael F. Mahoney,2011,2012,2013,2014
9482,1138118,CBRE GROUP INC,internal,W. Brett White,Robert E. Sulentic,2011,2012,2013,2014
6588,908255,BORGWARNER INC,internal,Timothy M. Manganello,James R. Verrier,2011,2012,2013,2014
6615,1418135,KEURIG DR PEPPER INC,external,Lawrence J. Blanford,Brian P. Kelley,2011,2012,2013,2014
8377,1086222,AKAMAI TECHNOLOGIES INC,internal,Paul L. Sagan,"F. Thomson Leighton, Ph.D.",2011,2012,2013,2014
1521,40533,GENERAL DYNAMICS CORP,internal,Jay Lynn Johnson,Phebe N. Novakovic,2011,2012,2013,2014
8579,1121788,GARMIN LTD,internal,"Min-Hwan Kao, Ph.D.",Clifton A. Pemble,2011,2012,2013,2014
6382,49071,HUMANA INC,internal,Michael B. McCallister,Bruce D. Broussard,2011,2012,2013,2014
3123,85961,RYDER SYSTEM INC,internal,Gregory T. Swienton,Robert E. Sanchez,2012,2013,2013,2014
3905,106535,WEYERHAEUSER CO,external,Daniel S. Fulton,Doyle R. Simons,2012,2013,2013,2014
2910,78814,PITNEY BOWES INC,external,Murray D. Martin,Marc B. Lautenbach,2012,2013,2013,2014
2658,73309,NUCOR CORP,internal,Daniel R. DiMicco,John J. Ferriola,2012,2013,2013,2014
2380,65984,ENTERGY CORP,internal,J. Wayne Leonard,Leo P. Denault,2012,2013,2013,2014
8204,1075531,BOOKING HOLDINGS INC,external,Jeffery H. Boyd,Darren Richard Huston,2012,2013,2013,2014
7534,861878,STERICYCLE INC,internal,Mark C. Miller,Charles A. Alutto,2012,2013,2013,2014
3889,106040,WESTERN DIGITAL CORP,external,John F. Coyne,Stephen D. Milligan,2012,2013,2013,2014
2164,936468,LOCKHEED MARTIN CORP,internal,Robert J. Stevens,Marillyn A. Hewson,2012,2013,2013,2014
7361,1020569,IRON MOUNTAIN INC,external,C. Richard Reese,William L. Meaney,2012,2013,2014,2015
3201,1012100,SEALED AIR CORP,external,William V. Hickey,Jerome A. Peribere,2012,2013,2014,2015
6476,898293,JABIL INC,internal,Timothy L. Main,Mark T. Mondello,2012,2013,2014,2015
2575,1164727,NEWMONT MINING CORP,internal,"Richard T. OBrien, B.A., J.D.","Gary J. Goldberg, B.S., M.B.A.",2012,2013,2014,2015
203,6281,ANALOG DEVICES,internal,Jerald G. Fishman,Vincent T. Roche,2012,2013,2014,2015
5069,712515,ELECTRONIC ARTS INC,internal,John S. Riccitiello,Andrew Wilson,2012,2013,2014,2015
3816,899689,VORNADO REALTY TRUST,internal,Michael D. Fascitelli,Steven Roth,2012,2013,2014,2015
9327,1452575,MEAD JOHNSON NUTRITION CO,internal,Stephen W. Golsby,Peter Kasper Jakobsen,2012,2013,2014,2015
9280,1413329,PHILIP MORRIS INTERNATIONAL,internal,"Louis Carey Camilleri, BA",Andre Calantzopoulos,2012,2013,2014,2015
3152,86144,SAFEWAY INC,internal,Steven A. Burd,Robert L. Edwards,2012,2013,2014,2015
1856,50863,INTEL CORP,internal,Paul S. Otellini,Brian Matthew Krzanich,2012,2013,2014,2015
6533,354908,FLIR SYSTEMS INC,internal,"Earl Ray Lewis, III",Andrew C. Teich,2012,2013,2014,2015
2963,80424,PROCTER & GAMBLE CO,external,Robert A. McDonald,Alan George Lafley,2012,2013,2014,2015
5318,1032033,SLM CORP,internal,Albert L. Lord,John F. Remondi,2012,2013,2014,2015
6570,863157,PETSMART INC,internal,Robert F. Moran,David K. Lenhardt,2012,2013,2014,2015
5025,821189,EOG RESOURCES INC,internal,Mark G. Papa,William R. Thomas,2012,2013,2014,2015
1178,1326160,DUKE ENERGY CORP,internal,"James E. Rogers, Jr.",Lynn J. Good,2012,2013,2014,2015
2236,101778,MARATHON OIL CORP,external,"Clarence P. Cazalot, Jr.",Lee M. Tillman,2012,2013,2014,2015
8288,1043604,JUNIPER NETWORKS INC,external,Kevin R. Johnson,Shaygan Kheradpir,2012,2013,2014,2015
8633,1137411,ROCKWELL COLLINS,internal,Clayton M. Jones,Robert K. Ortberg,2012,2013,2014,2015
2462,717423,MURPHY OIL CORP,internal,Steven A. Cosse,Roger W. Jenkins,2012,2013,2014,2015
5662,1163302,UNITED STATES STEEL CORP,internal,"John P. Surma, Jr.",Filho Mario Longhi,2012,2013,2014,2015
249,6951,APPLIED MATERIALS INC,internal,Michael R. Splinter,Gary E. Dickerson,2012,2013,2014,2015
1981,833444,JOHNSON CONTROLS INTL PLC,internal,Stephen A. Roell,Alex A. Molinaroli,2012,2013,2014,2015
9457,1524472,XYLEM INC,external,Gretchen W. McClain,Patrick K. Decker,2012,2013,2014,2015
1458,38074,FOREST LABORATORIES -CL A,external,Howard Solomon,"Brenton L. Saunders, J.D.",2012,2013,2014,2015
2305,64040,S&P GLOBAL INC,internal,"Harold Whittlesey McGraw, III",Douglas L. Peterson,2012,2013,2014,2015
832,764065,CLEVELAND-CLIFFS INC,external,Joseph A. Carrabba,Gary Bernard Halverson,2012,2013,2014,2015
4396,801898,JOY GLOBAL INC,internal,Michael W. Sutherlin,"Edward L. Doheny, II",2012,2013,2014,2015
2077,56873,KROGER CO,internal,David B. Dillon,W. Rodney McMullen,2012,2013,2014,2015
1771,1130310,CENTERPOINT ENERGY INC,internal,David M. McClanahan,Scott M. Prochazka,2012,2013,2014,2015
9425,1518832,WPX ENERGY INC,external,Ralph A. Hill,Richard E. Muncrief,2012,2013,2014,2015
9146,1377013,TIME WARNER CABLE INC,internal,Glenn Alan Britt,Robert D. Marcus,2013,2014,2014,2015
8992,1324404,CF INDUSTRIES HOLDINGS INC,internal,Stephen R. Wilson,W. Anthony Will,2013,2014,2014,2015
8538,1116132,TAPESTRY INC,internal,Lew Frankfort,Victor Luis,2013,2014,2014,2015
6740,915389,EASTMAN CHEMICAL CO,internal,James P. Rogers,Mark J. Costa,2013,2014,2014,2015
1739,354950,HOME DEPOT INC,internal,Francis S. Blake,Craig A. Menear,2013,2014,2015,2016
1537,1467858,GENERAL MOTORS CO,internal,Daniel Francis Akerson,Mary T. Barra,2013,2014,2015,2016
2709,1039684,ONEOK INC,internal,John W. Gibson,Terry K. Spencer,2013,2014,2015,2016
3831,104169,WALMART INC,internal,Michael Terry Duke,C. Douglas McMillon,2013,2014,2015,2016
4129,789019,MICROSOFT CORP,internal,Steven A. Ballmer,Satya Nadella,2013,2014,2015,2016
2256,62996,MASCO CORP,internal,Timothy Wadhams,Keith J. Allman,2013,2014,2015,2016
7612,1021860,NATIONAL OILWELL VARCO INC,internal,"Merrill A. Miller, Jr.",Clay C. Williams,2013,2014,2015,2016
1313,746515,EXPEDITORS INTL WASH INC,internal,Peter J. Rose,Jeffrey S. Musser,2013,2014,2015,2016
5929,804328,QUALCOMM INC,internal,"Paul E. Jacobs, Ph.D.",Steven M. Mollenkopf,2013,2014,2015,2016
1697,46765,HELMERICH & PAYNE,internal,"Hans Christian Helmerich, III",John W. Lindsay,2013,2014,2015,2016
3034,1047122,RAYTHEON CO,internal,William H. Swanson,Thomas A. Kennedy,2013,2014,2015,2016
1683,766704,WELLTOWER INC,external,George L. Chapman,Thomas J. DeRosa,2013,2014,2015,2016
2753,75362,PACCAR INC,internal,Mark C. Pigott,"Ronald E. Armstrong, CPA",2013,2014,2015,2016
8254,1275283,REYNOLDS AMERICAN INC,external,Daniel M. Delen,Susan M. Cameron,2013,2014,2015,2016
4916,1035002,VALERO ENERGY CORP,internal,William R. Klesse,Joseph W. Gorder,2013,2014,2015,2016
3100,745732,ROSS STORES INC,internal,Michael Balmuth,Barbara Rentler,2013,2014,2015,2016
1058,27419,TARGET CORP,external,Gregg W. Steinhafel,Brian C. Cornell,2013,2014,2015,2016
8231,1070412,CNX RESOURCES CORPORATION,internal,J. Brett Harvey,Nicholas J. DeIuliis,2013,2014,2015,2016
67,2969,AIR PRODUCTS & CHEMICALS INC,external,John E. McGlade,Seifollah Ghasemi,2013,2014,2015,2016
3819,1396009,VULCAN MATERIALS CO,internal,Donald M. James,J. Thomas Hill,2013,2014,2015,2016
1454,37996,FORD MOTOR CO,internal,Alan R. Mulally,Mark Fields,2013,2014,2015,2016
434,11199,BEMIS CO INC,internal,Henry J. Theisen,William F. Austen,2013,2014,2015,2016
1887,51253,INTL FLAVORS & FRAGRANCES,external,"Douglas D. Tough, B.B.A., BBA, M.B.A., MBA",Andreas Fibig,2013,2014,2015,2016
165,5272,AMERICAN INTERNATIONAL GROUP,internal,Robert Herman Benmosche,Peter D. Hancock,2013,2014,2015,2016
3722,1090727,UNITED PARCEL SERVICE INC,internal,"D. Scott Davis, C.P.A., CPA",David P. Abney,2013,2014,2015,2016
1047,313616,DANAHER CORP,internal,"H. Lawrence Culp, Jr.","Thomas P. Joyce, Jr.",2013,2014,2015,2016
6124,882184,D R HORTON INC,internal,Donald J. Tomnitz,David V. Auld,2013,2014,2015,2016
7080,940944,DARDEN RESTAURANTS INC,internal,"Clarence Otis, Jr.","Eugene I. Lee, Jr.",2013,2014,2015,2016
2589,72207,NOBLE ENERGY INC,internal,Charles D. Davidson,David L. Stover,2013,2014,2015,2016
1906,51434,INTL PAPER CO,internal,John V. Faraci,Mark S. Sutton,2013,2014,2015,2016
8289,1043604,JUNIPER NETWORKS INC,internal,Shaygan Kheradpir,Rami Rahim,2013,2014,2015,2016
837,21076,CLOROX CO/DE,internal,Donald R. Knauss,Benno O. Dorer,2013,2014,2015,2016
4393,1545158,KRAFT FOODS GROUP INC,external,William Anthony Vernon,John T. Cahill,2013,2014,2015,2016
4705,815556,FASTENAL CO,internal,Willard D. Oberton,"Leland J. Hein, Jr.",2013,2014,2015,2016
7847,1041061,YUM BRANDS INC,internal,David C. Novak,Greg Creed,2013,2014,2015,2016
985,24545,MOLSON COORS BREWING CO,internal,Peter S. Swinburn,Mark Roderick Hunter,2013,2014,2015,2016
8842,1267238,ASSURANT INC,internal,Robert Brian Pollock,Alan B. Colberg,2013,2014,2015,2016
3157,203077,ST JUDE MEDICAL INC,internal,Daniel J. Starks,Michael T. Rousseau,2014,2015,2015,2016
4324,5513,UNUM GROUP,internal,Thomas Ros Watjen,Richard P. McKenney,2014,2015,2015,2016
257,7084,ARCHER-DANIELS-MIDLAND CO,internal,Patricia A. Woertz,Juan R. Luciano,2014,2015,2015,2016
8115,1065088,EBAY INC,internal,"John J. Donahoe, II",Devin N. Wenig,2014,2015,2015,2016
9057,1136893,FIDELITY NATIONAL INFO SVCS,internal,"Frank R. Martire, Jr.",Gary A. Norcross,2014,2015,2015,2016
2690,1031296,FIRSTENERGY CORP,internal,Anthony J. Alexander,"Charles E. Jones, Jr.",2014,2015,2015,2016
3839,1618921,WALGREENS BOOTS ALLIANCE INC,external,Gregory David Wasson,Stefano Pessina,2014,2015,2016,2017
2269,63276,MATTEL INC,external,Bryan G. Stockton,Christopher A. Sinclair,2014,2015,2016,2017
2300,63908,MCDONALD'S CORP,internal,Donald Thompson,Stephen J. Easterbrook,2014,2015,2016,2017
2800,76334,PARKER-HANNIFIN CORP,internal,Donald E. Washkewicz,Thomas L. Williams,2014,2015,2016,2017
6506,1451505,TRANSOCEAN LTD,external,"Steven Leon Newman, Ph.D.",Jeremy D. Thigpen,2014,2015,2016,2017
8181,1521332,APTIV PLC,internal,Rodney O'Neal,Kevin P. Clark,2014,2015,2016,2017
8395,1090872,AGILENT TECHNOLOGIES INC,internal,William P. Sullivan,Michael R. McMullen,2014,2015,2016,2017
4597,98246,TIFFANY & CO,internal,Michael J. Kowalski,Frederic Patrick Cumenal,2014,2015,2016,2017
7347,899866,ALEXION PHARMACEUTICALS INC,internal,Leonard Bell,David L. Hallal,2014,2015,2016,2017
8476,20520,FRONTIER COMMUNICATIONS CORP,internal,Mary Agnes Wilderotter,Daniel J. McCarthy,2014,2015,2016,2017
934,23217,CONAGRA BRANDS INC,external,Gary M. Rodkin,Sean M. Connolly,2014,2015,2016,2017
8256,1048695,F5 NETWORKS INC,external,John McAdam,Manuel F. Rivelo,2014,2015,2016,2017
4210,793952,HARLEY-DAVIDSON INC,internal,Keith E. Wandell,Matthew S. Levatich,2014,2015,2016,2017
538,14272,BRISTOL-MYERS SQUIBB CO,internal,Lamberto Andreotti,"Giovanni Caforio, M.D.",2014,2015,2016,2017
2600,702165,NORFOLK SOUTHERN CORP,internal,"Charles W. Moorman, IV",James A. Squires,2014,2015,2016,2017
7288,1002047,NETAPP INC,internal,Thomas Georgens,George Kurian,2014,2015,2016,2017
2012,1506307,KINDER MORGAN INC,internal,Richard D. Kinder,Steven J. Kean,2014,2015,2016,2017
1123,29534,DOLLAR GENERAL CORP,internal,Richard W. Dreiling,Todd J. Vasos,2014,2015,2016,2017
500,12927,BOEING CO,internal,"W. James McNerney, Jr.",Dennis A. Muilenburg,2014,2015,2016,2017
2614,1111711,NISOURCE INC,internal,"Robert C. Skaggs, Jr.",Joseph J. Hamrock,2014,2015,2016,2017
4706,815556,FASTENAL CO,external,"Leland J. Hein, Jr.",Willard D. Oberton,2014,2015,2016,2017
5336,858877,CISCO SYSTEMS INC,internal,John T. Chambers,Charles H. Robbins,2014,2015,2016,2017
4872,1090012,DEVON ENERGY CORP,internal,John Richels,David A. Hager,2014,2015,2016,2017
8921,1285785,MOSAIC CO,internal,James T. Prokopanko,James C. O'Rourke,2014,2015,2016,2017
8679,1126328,PRINCIPAL FINANCIAL GRP INC,internal,Larry Donald Zimpleman,Daniel J. Houston,2014,2015,2016,2017
2750,79879,PPG INDUSTRIES INC,internal,Charles E. Bunch,Michael H. McGarry,2014,2015,2016,2017
3668,100517,UNITED CONTINENTAL HLDGS INC,external,Jeffery A. Smisek,Oscar Munoz,2014,2015,2016,2017
7279,1000697,WATERS CORP,external,Douglas A. Berthiaume,Christopher James O'Connell,2014,2015,2016,2017
3698,100885,UNION PACIFIC CORP,internal,John J. Koraleski,Lance M. Fritz,2014,2015,2016,2017
7136,941548,CAMERON INTERNATIONAL CORP,internal,Jack B. Moore,Scott C. Rowe,2014,2015,2016,2017
7298,877890,CITRIX SYSTEMS INC,external,Mark B. Templeton,Kirill Tatarinov,2014,2015,2016,2017
2964,80424,PROCTER & GAMBLE CO,internal,Alan George Lafley,David S. Taylor,2014,2015,2016,2017
1370,35527,FIFTH THIRD BANCORP,internal,Kevin T. Kabat,Gregory D. Carmichael,2014,2015,2016,2017
7758,1037038,RALPH LAUREN CORP,external,Ralph Lauren,Stefan Larsson,2014,2015,2016,2017
1715,47217,HP INC,internal,Margaret Cushing Whitman,Dion J. Weisler,2014,2015,2016,2017
8480,1013871,NRG ENERGY INC,internal,David W. Crane,Mauricio Gutierrez,2014,2015,2016,2017
2736,812074,OWENS-ILLINOIS INC,internal,"Albert P. L. Stroucken, Ph.D.",Andres A. Lopez,2014,2015,2016,2017
4123,1113169,PRICE (T. ROWE) GROUP,internal,"James Aloysius-Charles Kennedy, C.F.A., CFA","William J. Stromberg, C.F.A.",2014,2015,2016,2017
2124,58492,LEGGETT & PLATT INC,internal,David S. Haffner,Karl G. Glassman,2014,2015,2016,2017
3238,89800,SHERWIN-WILLIAMS CO,internal,Christopher M. Connor,John G. Morikis,2014,2015,2016,2017
8257,1048695,F5 NETWORKS INC,external,Manuel F. Rivelo,John McAdam,2014,2015,2016,2017
8104,1051470,CROWN CASTLE INTL CORP,internal,W. Benjamin Moreland,Jay A. Brown,2015,2016,2016,2017
7975,1050915,QUANTA SERVICES INC,internal,"James Francis O'Neil, III","Earl C. Austin, Jr.",2015,2016,2016,2017
5908,879101,KIMCO REALTY CORP,internal,David Beard Henry,Conor C. Flynn,2015,2016,2016,2017
8758,1156375,CME GROUP INC,internal,Phupinder S. Gill,Terrence A. Duffy,2015,2016,2016,2017
406,10456,BAXTER INTERNATIONAL INC,external,"Robert L. Parkinson, Jr.",Jose E. Almeida,2015,2016,2016,2017
782,313927,CHURCH & DWIGHT INC,internal,James R. Craigie,Matthew T. Farrell,2015,2016,2016,2017
8687,1158449,ADVANCE AUTO PARTS INC,external,Darren R. Jackson,Thomas R. Greco,2015,2016,2017,2018
3320,7332,SOUTHWESTERN ENERGY CO,internal,Steven L. Mueller,William J. Way,2015,2016,2017,2018
4018,109198,TJX COMPANIES INC,internal,Carol M. Meyrowitz,Ernie L. Herrman,2015,2016,2017,2018
2286,63754,MCCORMICK & CO INC,internal,Alan D. Wilson,Lawrence E. Kurzius,2015,2016,2017,2018
4580,816284,CELGENE CORP,internal,"Robert J. Hugin, MBA",Mark J. Alles,2015,2016,2017,2018
5943,882095,GILEAD SCIENCES INC,internal,"John C. Martin, Ph.D.","John F. Milligan, Ph.D.",2015,2016,2017,2018
3275,91419,SMUCKER (JM) CO,internal,Richard K. Smucker,Mark T. Smucker,2015,2016,2017,2018
5920,1585364,PERRIGO CO PLC,internal,Joseph C. Papa,John T. Hendrickson,2015,2016,2017,2018
8205,1075531,BOOKING HOLDINGS INC,internal,Darren Richard Huston,Glenn D. Fogel,2015,2016,2017,2018
2673,797468,OCCIDENTAL PETROLEUM CORP,internal,Stephen I. Chazen,Vicki A. Hollub,2015,2016,2017,2018
311,8818,AVERY DENNISON CORP,internal,Dean A. Scarborough,Mitchell R. Butier,2015,2016,2017,2018
9531,783325,WEC ENERGY GROUP INC,internal,Gale E. Klappa,Allen Lewis Leverett,2015,2016,2017,2018
1073,27904,DELTA AIR LINES INC,internal,Richard H. Anderson,Edward H. Bastian,2015,2016,2017,2018
2609,72741,EVERSOURCE ENERGY,internal,Thomas J. May,James J. Judge,2015,2016,2017,2018
6129,1532063,EXPRESS SCRIPTS HOLDING CO,internal,George Paz,Timothy C. Wentworth,2015,2016,2017,2018
9205,816761,TERADATA CORP,external,Michael F. Koehler,Victor Lynn Lund,2015,2016,2017,2018
192,1037868,AMETEK INC,internal,Frank S. Hermance,David A. Zapico,2015,2016,2017,2018
107,4127,SKYWORKS SOLUTIONS INC,internal,David J. Aldrich,Liam K. Griffin,2015,2016,2017,2018
1220,1551182,EATON CORP PLC,internal,Alexander M. Cutler,Craig Arnold,2015,2016,2017,2018
4973,791519,STAPLES INC,internal,"Ronald L. Sargent, M.B.A.",Shira D. Goodman,2015,2016,2017,2018
9132,1274494,FIRST SOLAR INC,internal,James A. Hughes,Mark R. Widmar,2015,2016,2017,2018
960,201533,CMS ENERGY CORP,internal,John G. Russell,Patricia Kessler Poppe,2015,2016,2017,2018
2023,54480,KANSAS CITY SOUTHERN,internal,David L. Starling,Patrick J. Ottensmeyer,2015,2016,2017,2018
3084,1024478,ROCKWELL AUTOMATION,internal,Keith D. Nosbusch,Blake D. Moret,2015,2016,2017,2018
8505,1110803,ILLUMINA INC,internal,Jay T. Flatley,Francis A. deSouza,2015,2016,2017,2018
3365,93556,STANLEY BLACK & DECKER INC,internal,John F. Lundgren,James M. Loree,2015,2016,2017,2018
9043,1339947,VIACOM INC,internal,Philippe P. Dauman,Robert M. Bakish,2015,2016,2017,2018
7707,1170010,CARMAX INC,internal,Thomas Joseph Folliard,William D. Nash,2015,2016,2017,2018
1609,277135,GRAINGER (W W) INC,internal,James T. Ryan,Donald G. Macpherson,2015,2016,2017,2018
2994,822416,PULTEGROUP INC,internal,"Richard J. Dugas, Jr.",Ryan R. Marshall,2015,2016,2017,2018
9126,1359841,HANESBRANDS INC,internal,Richard A. Noll,"Gerald W. Evans, Jr.",2015,2016,2017,2018
1755,48465,HORMEL FOODS CORP,internal,Jeffrey M. Ettinger,James P. Snee,2015,2016,2017,2018
4778,823768,WASTE MANAGEMENT INC,internal,David P. Steiner,"James C. Fish, Jr.",2015,2016,2017,2018
4735,1038357,PIONEER NATURAL RESOURCES CO,internal,Scott Douglas Sheffield,Timothy L. Dove,2015,2016,2017,2018
9272,1403161,VISA INC,external,Charles W. Scharf,"Alfred Francis Kelly, Jr.",2015,2016,2017,2018
7348,899866,ALEXION PHARMACEUTICALS INC,external,David L. Hallal,"Ludwig N. Hantson, Ph.D.",2015,2016,2017,2018
1320,34088,EXXON MOBIL CORP,internal,Rex W. Tillerson,Darren W. Woods,2015,2016,2017,2018
8763,1120193,NASDAQ INC,internal,Robert Greifeld,Adena T. Friedman,2015,2016,2017,2018
3659,100493,TYSON FOODS INC -CL A,internal,Donnie Smith,Thomas P. Hayes,2015,2016,2017,2018
8890,1289490,EXTRA SPACE STORAGE INC,external,Spencer F. Kirk,Joseph D. Margolis,2015,2016,2017,2018
4000,1770450,XEROX CORP,internal,Ursula Maxine Burns,Jeffrey Jacobson,2015,2016,2017,2018
2140,59478,LILLY (ELI) & CO,internal,John C. Lechleiter,David A. Ricks,2015,2016,2017,2018
3788,103379,VF CORP,internal,Eric C. Wiseman,Steven E. Rendle,2015,2016,2017,2018
8255,1275283,REYNOLDS AMERICAN INC,internal,Susan M. Cameron,Debra A. Crew,2016,2017,2017,2018
698,18230,CATERPILLAR INC,internal,Douglas Ray Oberhelman,"D. James Umpleby, III",2016,2017,2017,2018
1295,33213,EQT CORP,internal,David L. Porges,Steven T. Schlotterbeck,2016,2017,2017,2018
1362,794367,MACY'S INC,internal,Terry J. Lundgren,Jeffrey Gennette,2016,2017,2017,2018
2242,1070750,HOST HOTELS & RESORTS INC,internal,"W. Edward Walter, III",James F. Risoleo,2016,2017,2017,2018
5820,875045,BIOGEN INC,external,"George A. Scangos, Ph.D.",Michel Vounatsos,2016,2017,2018,2019
4598,98246,TIFFANY & CO,external,Frederic Patrick Cumenal,Alessandro Bogliolo,2016,2017,2018,2019
302,769397,AUTODESK INC,internal,Carl Bass,Andrew Anagnost,2016,2017,2018,2019
2270,63276,MATTEL INC,external,Christopher A. Sinclair,Mary Margaret-Hastings Georgiadis,2016,2017,2018,2019
1708,47111,HERSHEY CO,internal,John P. Bilbrey,Michele G. Buck,2016,2017,2018,2019
617,277948,CSX CORP,external,Michael Jon Ward,"E. Hunter Harrison, LL.D.",2016,2017,2018,2019
102,773840,HONEYWELL INTERNATIONAL INC,internal,David M. Cote,Darius Adamczyk,2016,2017,2018,2019
1197,30625,FLOWSERVE CORP,external,"Mark A. Blinn, C.F.A.",R. Scott Rowe,2016,2017,2018,2019
8258,1048695,F5 NETWORKS INC,external,John McAdam,Francois Locoh-Donou,2016,2017,2018,2019
6146,829224,STARBUCKS CORP,internal,Howard D. Schultz,Kevin R. Johnson,2016,2017,2018,2019
850,21344,COCA-COLA CO,internal,Muhtar Kent,James R. Quincey,2016,2017,2018,2019
7759,1037038,RALPH LAUREN CORP,external,Stefan Larsson,Patrice J. Louvet,2016,2017,2018,2019
2373,723125,MICRON TECHNOLOGY INC,external,Mark M. Dermot Durcan,Sanjay Mehrotra,2016,2017,2018,2019
166,5272,AMERICAN INTERNATIONAL GROUP,external,Peter D. Hancock,Brian Charles Duperreault,2016,2017,2018,2019
1455,37996,FORD MOTOR CO,internal,Mark Fields,James Patrick Hackett,2016,2017,2018,2019
8815,1065696,LKQ CORP,internal,Robert Louis Wagman,Dominick P. Zarcone,2016,2017,2018,2019
1498,39899,TEGNA INC,internal,Gracia Catherine Martore,David T. Lougee,2016,2017,2018,2019
1644,45012,HALLIBURTON CO,internal,"David John Lesar, B.Sc., C.P.A., CPA, M.B.A.",Jeffrey A. Miller,2016,2017,2018,2019
6237,891024,PATTERSON COMPANIES INC,external,Scott P. Anderson,Mark S. Walchirk,2016,2017,2018,2019
1532,40704,GENERAL MILLS INC,internal,Kendall J. Powell,Jeffrey L. Harmening,2016,2017,2018,2019
6534,354908,FLIR SYSTEMS INC,external,Andrew C. Teich,James J. Cannon,2016,2017,2018,2019
1559,40987,GENUINE PARTS CO,internal,Thomas C. Gallagher,Paul D. Donahue,2016,2017,2018,2019
7299,877890,CITRIX SYSTEMS INC,internal,Kirill Tatarinov,David James Henshall,2016,2017,2018,2019
4371,804753,CERNER CORP,external,Neal L. Patterson,David Brent Shafer,2016,2017,2018,2019
8648,1136869,ZIMMER BIOMET HOLDINGS INC,external,David Carr Dvorak,Bryan C. Hanson,2016,2017,2018,2019
1524,40545,GENERAL ELECTRIC CO,internal,Jeffrey R. Immelt,John L. Flannery,2016,2017,2018,2019
4970,832988,SIGNET JEWELERS LTD,external,Mark S. Light,Virginia C. Drosos,2016,2017,2018,2019
8386,1324424,EXPEDIA GROUP INC,internal,Dara Khosrowshahi,Mark D. Okerstrom,2016,2017,2018,2019
3713,731766,UNITEDHEALTH GROUP INC,internal,Stephen J. Hemsley,David Scott Wichmann,2016,2017,2018,2019
7059,935703,DOLLAR TREE INC,internal,Bobby L. Sasser,Gary M. Philbin,2016,2017,2018,2019
1289,33185,EQUIFAX INC,external,Richard F. Smith,Mark W. Begor,2016,2017,2018,2019
3916,106640,WHIRLPOOL CORP,internal,Jeffrey M. Fettig,Marc R. Bitzer,2016,2017,2018,2019
8791,1137789,SEAGATE TECHNOLOGY PLC,internal,Stephen J. Luczo,William David Mosley,2016,2017,2018,2019
4608,818479,DENTSPLY SIRONA INC,external,Jeffrey T. Slovin,"Donald M. Casey, Jr.",2016,2017,2018,2019
3963,783325,WEC ENERGY GROUP INC,external,Allen Lewis Leverett,Gale E. Klappa,2016,2017,2018,2019
8611,1103982,MONDELEZ INTERNATIONAL INC,external,Irene B. Rosenfeld,Dirk Van de Put,2016,2017,2018,2019
9053,1058090,CHIPOTLE MEXICAN GRILL INC,external,M. Steven Ells,Brian R. Niccol,2016,2017,2018,2019
7139,1001082,DISH NETWORK CORP,internal,Charles William Ergen,W. Erik Carlson,2016,2017,2018,2019
1397,36270,M & T BANK CORP,internal,Robert G. Wilmers,Rene F. Jones,2016,2017,2018,2019
618,277948,CSX CORP,external,"E. Hunter Harrison, LL.D.",James M. Foote,2016,2017,2018,2019
8041,1039101,L3 TECHNOLOGIES INC,internal,Michael T. Strianese,"Christopher E. Kubasik, CPA",2016,2017,2018,2019
3175,754737,SCANA CORP,internal,Kevin B. Marsh,Jimmy E. Addison,2016,2017,2018,2019
3202,1012100,SEALED AIR CORP,external,Jerome A. Peribere,"Edward L. Doheny, II",2016,2017,2018,2019
767,93410,CHEVRON CORP,internal,John S. Watson,Michael K. Wirth,2017,2018,2018,2019
2629,73124,NORTHERN TRUST CORP,internal,Frederick H. Waddell,Michael G. O'Grady,2017,2018,2018,2019
3464,96021,SYSCO CORP,internal,"William J. DeLaney, III",Thomas L. Bené,2017,2018,2018,2019
660,721371,CARDINAL HEALTH INC,internal,George S. Barrett,Michael C. Kaufmann,2017,2018,2018,2019
5921,1585364,PERRIGO CO PLC,external,John T. Hendrickson,Uwe F. Roehrhoff,2017,2018,2019,2020
8517,1101239,EQUINIX INC,internal,Stephen M. Smith,Charles J. Meyers,2017,2018,2019,2020
5487,743988,XILINX INC,internal,Moshe N. Gavrielov,Victor Peng,2017,2018,2019,2020
6308,1645590,HEWLETT PACKARD ENTERPRISE,internal,Margaret Cushing Whitman,Antonio F. Neri,2017,2018,2019,2020
146,4962,AMERICAN EXPRESS CO,internal,Kenneth I. Chenault,Stephen Joseph Squeri,2017,2018,2019,2020
8761,1174922,WYNN RESORTS LTD,internal,Stephen A. Wynn,Matthew Ode Maddox,2017,2018,2019,2020
1296,33213,EQT CORP,internal,Steven T. Schlotterbeck,Robert J. McNally,2017,2018,2019,2020
8731,1260221,TRANSDIGM GROUP INC,internal,Walter Nicholas Howley,Kevin M. Stein,2017,2018,2019,2020
479,12659,BLOCK H & R INC,external,William C. Cobb,"Jeffrey J. Jones, II",2017,2018,2019,2020
2132,920760,LENNAR CORP,internal,Stuart A. Miller,Richard Beckwitt,2017,2018,2019,2020
2271,63276,MATTEL INC,external,Mary Margaret-Hastings Georgiadis,Ynon Kreiz,2017,2018,2019,2020
2834,77360,PENTAIR PLC,internal,"Randall J. Hogan, III",John L. Stauch,2017,2018,2019,2020
980,711404,COOPER COMPANIES INC,internal,Robert S. Weiss,"Albert G. White, III",2017,2018,2019,2020
1140,29905,DOVER CORP,external,Robert A. Livingston,Richard J. Tobin,2017,2018,2019,2020
2768,1032208,SEMPRA ENERGY,internal,Debra Lynn Reed-Klages,Jeffrey W. Martin,2017,2018,2019,2020
6461,898173,O'REILLY AUTOMOTIVE INC,internal,Gregory L. Henslee,Gregory D. Johnson,2017,2018,2019,2020
4001,1770450,XEROX CORP,external,Jeffrey Jacobson,Giovanni G. Visentin,2017,2018,2019,2020
6102,885639,KOHL'S CORP,internal,Kevin Mansell,Michelle D. Gass,2017,2018,2019,2020
2875,764180,ALTRIA GROUP INC,internal,Martin J. Barrington,"Howard A. Willard, III",2017,2018,2019,2020
650,16732,CAMPBELL SOUP CO,external,Denise Mullen Morrison,Mark A. Clouse,2017,2018,2019,2020
2400,66740,3M CO,internal,"Inge G. Thulin, M.B.A.",Michael F. Roman,2017,2018,2019,2020
3562,97476,TEXAS INSTRUMENTS INC,internal,Richard K. Templeton,Brian T. Crutcher,2017,2018,2019,2020
1857,50863,INTEL CORP,internal,Brian Matthew Krzanich,Robert Holmes Swan,2017,2018,2019,2020
1380,1281761,REGIONS FINANCIAL CORP,internal,"O. B. Grayson Hall, Jr.","John M. Turner, Jr.",2017,2018,2019,2020
2195,60667,LOWE'S COMPANIES INC,external,Robert Alan Niblock,Marvin R. Ellison,2017,2018,2019,2020
3563,97476,TEXAS INSTRUMENTS INC,internal,Brian T. Crutcher,Richard K. Templeton,2017,2018,2019,2020
420,732712,VERIZON COMMUNICATIONS INC,internal,Lowell C. McAdam,Hans E. Vestberg,2017,2018,2019,2020
6589,908255,BORGWARNER INC,internal,James R. Verrier,Frederic B. Lissalde,2017,2018,2019,2020
9962,91142,SMITH (A.O.),internal,Ajita G. Rajendra,Kevin J. Wheeler,2017,2018,2019,2020
5971,882835,ROPER TECHNOLOGIES INC,internal,Brian D. Jellison,L. Neil Hunn,2017,2018,2019,2020
3660,100493,TYSON FOODS INC -CL A,internal,Thomas P. Hayes,Noel White,2017,2018,2019,2020
8120,886982,GOLDMAN SACHS GROUP INC,internal,Lloyd C. Blankfein,David M. Solomon,2017,2018,2019,2020
1525,40545,GENERAL ELECTRIC CO,external,John L. Flannery,"H. Lawrence Culp, Jr.",2017,2018,2019,2020
2847,77476,PEPSICO INC,internal,"Indra K. Nooyi, M.P.P.M.",Ramon L. Laguarta,2017,2018,2019,2020
9534,1585364,PERRIGO CO PLC,external,Uwe F. Rehrhoff,Murray S. Kessler,2017,2018,2019,2020
6959,726728,REALTY INCOME CORP,internal,John P. Case,Sumit Roy,2017,2018,2019,2020
4142,1024305,COTY INC,external,Camillo Pane,Pierre Laubies,2017,2018,2019,2020
8615,1137774,PRUDENTIAL FINANCIAL INC,internal,"John Robert Strangfeld, Jr.",Charles F. Lowrey,2017,2018,2019,2020
6819,912242,MACERICH CO,internal,"Arthur M. Coppola, CPA",Thomas E. O'Hern,2017,2018,2019,2020
2103,707549,LAM RESEARCH CORP,internal,Martin B. Anstice,Timothy M. Archer,2017,2018,2019,2020
544,14693,BROWN FORMAN CORP,internal,Paul C. Varga,Lawson E. Whiting,2017,2018,2019,2020
3371,93751,STATE STREET CORP,internal,"Joseph L. Hooley, Esq.",Ronald P. O'Hanley,2017,2018,2019,2020
5944,882095,GILEAD SCIENCES INC,external,"John F. Milligan, Ph.D.",Daniel P. O'Day,2017,2018,2019,2020
2633,1133421,NORTHROP GRUMMAN CORP,internal,Wesley G. Bush,Kathy J. Warden,2017,2018,2019,2020
5482,860730,HCA HEALTHCARE INC,internal,R. Milton Johnson,Samuel N. Hazen,2017,2018,2019,2020
6585,906107,EQUITY RESIDENTIAL,internal,David J. Neithercut,Mark J. Parrell,2017,2018,2019,2020
2860,78003,PFIZER INC,internal,Ian C. Read,Albert Bourla,2018,2019,2019,2020
3906,106535,WEYERHAEUSER CO,internal,Doyle R. Simons,Devin W. Stockfish,2018,2019,2019,2020
2068,55785,KIMBERLY-CLARK CORP,internal,Thomas J. Falk,Michael D. Hsu,2018,2019,2019,2020
3393,1393311,PUBLIC STORAGE,internal,"Ronald L. Havner, Jr.","Joseph D. Russell, Jr.",2018,2019,2019,2020
6396,896878,INTUIT INC,internal,Brad D. Smith,Sasan K. Goodarzi,2018,2019,2019,2020
9163,1383312,BROADRIDGE FINANCIAL SOLUTNS,internal,Richard J. Daly,Timothy C. Gokey,2018,2019,2020,2021
8619,1467373,ACCENTURE PLC,internal,Pierre Nanterme,Julie Sweet,2018,2019,2020,2021
2762,1004980,PG&E CORP,external,Geisha Jimenez Williams,William Dean Johnson,2018,2019,2020,2021
3964,783325,WEC ENERGY GROUP INC,internal,Gale E. Klappa,Joseph Kevin Fletcher,2018,2019,2020,2021
4736,1038357,PIONEER NATURAL RESOURCES CO,external,Timothy L. Dove,Scott D. Sheffield,2018,2019,2020,2021
654,16918,CONSTELLATION BRANDS -CL A,internal,"Robert S. Sands, II",William A. Newlands,2018,2019,2020,2021
8067,1058290,COGNIZANT TECH SOLUTIONS,external,Francisco D'Souza,Brian Humphries,2018,2019,2020,2021
2311,927653,MCKESSON CORP,internal,John H. Hammergren,Brian S. Tyler,2018,2019,2020,2021
7240,927066,DAVITA INC,internal,Kent J. Thiry,Javier J. Rodriguez,2018,2019,2020,2021
861,21665,COLGATE-PALMOLIVE CO,internal,Ian M. Cook,Noel R. Wallace,2018,2019,2020,2021
8463,1099219,METLIFE INC,internal,Steven Albert Kandarian,Michel A. Khalaf,2018,2019,2020,2021
1445,1124198,FLUOR CORP,internal,David Thomas Seaton,Carlos M. Hernandez,2018,2019,2020,2021
8927,1306830,CELANESE CORP,external,Mark C. Rohr,Lori J. Ryerkerk,2018,2019,2020,2021
7882,1043277,C H ROBINSON WORLDWIDE INC,internal,John P. Wiehoff,"Robert C. Biesterfeld, Jr.",2018,2019,2020,2021
444,764478,BEST BUY CO INC,internal,Hubert Joly,Corie S. Barry,2018,2019,2020,2021
1691,1637459,KRAFT HEINZ CO,external,Bernardo Vieira Hees,Miguel Patricio,2018,2019,2020,2021
2570,814453,NEWELL BRANDS INC,external,Michael B. Polk,Ravichandra K. Saligram,2018,2019,2020,2021
2754,75362,PACCAR INC,internal,"Ronald E. Armstrong, CPA",R. Preston Feight,2018,2019,2020,2021
7155,943452,WABTEC CORP,external,Raymond T. Betler,Rafael O. Santana,2018,2019,2020,2021
1083,936340,DTE ENERGY CO,internal,Gerard M. Anderson,Gerardo Norcia,2018,2019,2020,2021
8539,1116132,TAPESTRY INC,external,Victor Luis,Jide J. Zeitlin,2018,2019,2020,2021
921,1688568,DXC TECHNOLOGY COMPANY,external,John Michael Lawrie,Michael J. Salvino,2018,2019,2020,2021
8116,1065088,EBAY INC,external,Devin N. Wenig,Jamie Iannone,2018,2019,2020,2021
986,24545,MOLSON COORS BREWING CO,internal,Mark Roderick Hunter,Gavin D. K. Hattersley,2018,2019,2020,2021
1278,731802,ATMOS ENERGY CORP,internal,Michael E. Haefner,John Kevin Akers,2018,2019,2020,2021
2576,1164727,NEWMONT MINING CORP,internal,"Gary J. Goldberg, B.S., M.B.A.",Thomas R. Palmer,2018,2019,2020,2021
4881,920148,LABORATORY CP OF AMER HLDGS,external,"David P. King, J.D.",Adam H. Schechter,2018,2019,2020,2021
2301,63908,MCDONALD'S CORP,internal,Stephen J. Easterbrook,Christopher J. Kempczinski,2018,2019,2020,2021
5719,874716,IDEXX LABS INC,internal,Jonathan W. Ayers,Jonathan J. Mazelsky,2018,2019,2020,2021
1716,47217,HP INC,internal,Dion J. Weisler,Enrique J. Lores,2018,2019,2020,2021
1068,315189,DEERE & CO,internal,Samuel R. Allen,"John C. May, II",2018,2019,2020,2021
8883,1652044,ALPHABET INC,internal,Lawrence Edward Page,Sundar Pichai,2018,2019,2020,2021
8387,1324424,EXPEDIA GROUP INC,external,Mark D. Okerstrom,Peter M. Kern,2018,2019,2020,2021
511,315213,ROBERT HALF INTL INC,internal,"Harold Max Messmer, Jr.",M. Keith Waddell,2018,2019,2020,2021
501,12927,BOEING CO,external,Dennis A. Muilenburg,David L. Calhoun,2018,2019,2020,2021
2659,73309,NUCOR CORP,internal,John J. Ferriola,Leon J. Topalian,2018,2019,2020,2021
4623,1555280,ZOETIS INC,internal,Juan Ramn Alaix,Kristin C. Peck,2018,2019,2020,2021
7848,1041061,YUM BRANDS INC,internal,Greg Creed,David W. Gibbs,2018,2019,2020,2021
1731,48039,HOLLYFRONTIER CORP,external,George J. Damiris,Michael C. Jennings,2018,2019,2020,2021
1882,51143,INTL BUSINESS MACHINES CORP,internal,Virginia M. Rometty,Arvind Krishna,2019,2020,2020,2021
6660,910606,REGENCY CENTERS CORP,internal,"Martin E. Stein, Jr.",Lisa Palmer,2019,2020,2020,2021
9029,1336917,UNDER ARMOUR INC,internal,Kevin A. Plank,Patrik Frisk,2019,2020,2020,2021
6801,916365,TRACTOR SUPPLY CO,external,Gregory A. Sandfort,"Harry A. Lawton, III",2019,2020,2021,2022
2587,320187,NIKE INC -CL B,external,Mark G. Parker,"John J. Donahoe, II",2019,2020,2021,2022
414,10795,BECTON DICKINSON & CO,internal,Vincent A. Forlenza,Thomas E. Polen,2019,2020,2021,2022
3465,96021,SYSCO CORP,external,Thomas L. Ben,Kevin P. Hourican,2019,2020,2021,2022
4211,793952,HARLEY-DAVIDSON INC,external,Matthew S. Levatich,Jochen Zeitz,2019,2020,2021,2022
1473,38777,FRANKLIN RESOURCES INC,internal,"Gregory Eugene Johnson, CPA, CPA",Jennifer M. Johnson,2019,2020,2021,2022
1148,1666700,DUPONT DE NEMOURS INC,internal,Marc C. Doyle,Edward D. Breen,2019,2020,2021,2022
1772,1130310,CENTERPOINT ENERGY INC,external,Scott M. Prochazka,David J. Lesar,2019,2020,2021,2022
1118,1744489,DISNEY (WALT) CO,internal,Robert A. Iger,Robert A. Chapek,2019,2020,2021,2022
9416,1510295,MARATHON PETROLEUM CORP,external,Gary R. Heminger,Michael J. Hennigan,2019,2020,2021,2022
3890,106040,WESTERN DIGITAL CORP,external,Stephen D. Milligan,David V. Goeckeler,2019,2020,2021,2022
4760,789570,MGM RESORTS INTERNATIONAL,internal,James Joseph Murren,William J. Hornbuckle,2019,2020,2021,2022
5765,875320,VERTEX PHARMACEUTICALS INC,internal,"Jeffrey Marc Leiden, M.D., Ph.D.","Reshma Kewalramani, M.D.",2019,2020,2021,2022
32,1800,ABBOTT LABORATORIES,internal,"Miles D. White, M.B.A.",Robert B. Ford,2019,2020,2021,2022
5185,1283699,T-MOBILE US INC,internal,John J. Legere,G. Michael Sievert,2019,2020,2021,2022
9266,1410636,AMERICAN WATER WORKS CO INC,internal,Susan N. Story,Walter J. Lynch,2019,2020,2021,2022
2876,764180,ALTRIA GROUP INC,internal,"Howard A. Willard, III, BA (Hons), MBA","William F. Gifford, Jr.",2019,2020,2021,2022
6804,915913,ALBEMARLE CORP,external,"Luther C. Kissam, IV","J. Kent Masters, Jr.",2019,2020,2021,2022
2325,1613103,MEDTRONIC PLC,internal,S. Omar Ishrak,Geoffrey S. Martha,2019,2020,2021,2022
3285,91576,KEYCORP,internal,Beth E. Mooney,Christopher M. Gorman,2019,2020,2021,2022
3670,100517,UNITED CONTINENTAL HLDGS INC,internal,Oscar Munoz,J. Scott Kirby,2019,2020,2021,2022
2830,922224,PPL CORP,internal,William H. Spence,Vincent Sorgi,2019,2020,2021,2022
1324,37785,FMC CORP,internal,Pierre R. Brondeau,Mark A. Douglas,2019,2020,2021,2022
3723,1090727,UNITED PARCEL SERVICE INC,external,David P. Abney,Carol B. Tome,2019,2020,2021,2022
2165,936468,LOCKHEED MARTIN CORP,external,Marillyn A. Hewson,"James D. Taiclet, Jr.",2019,2020,2021,2022
3317,732717,AT&T INC,internal,Randall L. Stephenson,John T. Stankey,2019,2020,2021,2022
4307,798354,FISERV INC,external,"Jeffery W. Yabuki, B.S., CPA",Frank J. Bisignano,2019,2020,2021,2022
8540,1116132,TAPESTRY INC,internal,Jide J. Zeitlin,Joanne C. Crevoiserat,2019,2020,2021,2022
7060,935703,DOLLAR TREE INC,internal,Gary M. Philbin,Michael A. Witynski,2019,2020,2021,2022
838,21076,CLOROX CO/DE,internal,Benno O. Dorer,Linda Rendle,2019,2020,2021,2022
9127,1359841,HANESBRANDS INC,external,"Gerald W. Evans, Jr.",Stephen B. Bratspies,2019,2020,2021,2022
4144,1024305,COTY INC,external,Peter Harf,Sue Y. Nabi,2019,2020,2021,2022
1048,313616,DANAHER CORP,internal,"Thomas P. Joyce, Jr.",Rainer M. Blair,2019,2020,2021,2022
10105,1000697,WATERS CORP,external,Christopher James O'Connell,"Udit Batra, Ph.D.",2019,2020,2021,2022
1126,715957,DOMINION ENERGY INC,internal,"Thomas F. Farrell, II",Robert M. Blue,2019,2020,2021,2022
1457,37996,FORD MOTOR CO,internal,James Patrick Hackett,"James D. Farley, Jr.",2019,2020,2021,2022
3661,100493,TYSON FOODS INC  -CL A,external,Noel White,"Samuel Dean Banks, Jr.",2019,2020,2021,2022
1684,766704,WELLTOWER INC,internal,Thomas J. DeRosa,Shankh S. Mitra,2019,2020,2021,2022
2691,1031296,FIRSTENERGY CORP,internal,"Charles E. Jones, Jr.",Steven E. Strah,2019,2020,2021,2022
961,201533,CMS ENERGY CORP,internal,Patricia Kessler Poppe,Garrick J. Rochow,2019,2020,2021,2022
4923,832101,IDEX CORP,internal,Andrew K. Silvernail,Eric D. Ashleman,2019,2020,2021,2022
8528,1059556,MOODY'S CORP,internal,"Raymond W. McDaniel, Jr.",Robert S. Fauber,2019,2020,2021,2022
1232,31462,ECOLAB INC,internal,"Douglas M. Baker, Jr.",Christophe Beck,2020,2021,2021,2022
9981,352915,UNIVERSAL HEALTH SVCS INC,internal,Alan B. Miller,Marc D. Miller,2020,2021,2021,2022
8878,1141391,MASTERCARD INC,internal,Ajaypal S. Banga,Michael Miebach,2020,2021,2021,2022
8916,1300514,LAS VEGAS SANDS CORP,internal,Sheldon Gary Adelson,Robert G. Goldstein,2020,2021,2022,2023
9931,64803,CVS HEALTH CORP,internal,Larry J. Merlo,Karen S. Lynch,2020,2021,2022,2023
2884,78239,PVH CORP,internal,Emanuel Chirico,Stefan Larsson,2020,2021,2022,2023
3714,731766,UNITEDHEALTH GROUP INC,internal,David Scott Wichmann,Sir Andrew Witty,2020,2021,2022,2023
1262,32604,EMERSON ELECTRIC CO,internal,David N. Farr,Surendralal Karsanbhai,2020,2021,2022,2023
1858,50863,INTEL CORP,external,Robert Holmes Swan,Patrick P. Gelsinger,2020,2021,2022,2023
6630,1048286,MARRIOTT INTL INC,internal,Arne M. Sorenson,Anthony G. Capuano,2020,2021,2022,2023
890,831001,CITIGROUP INC,internal,Michael L. Corbat,Jane Fraser,2020,2021,2022,2023
167,5272,AMERICAN INTERNATIONAL GROUP,internal,Brian Charles Duperreault,Peter S. Zaffino,2020,2021,2022,2023
3840,1618921,WALGREENS BOOTS ALLIANCE INC,external,Stefano Pessina,Rosalind G. Brewer,2020,2021,2022,2023
6412,827054,MICROCHIP TECHNOLOGY INC,internal,Stephen Sanghi,Ganesh Moorthy,2020,2021,2022,2023
74,766421,ALASKA AIR GROUP INC,internal,Bradley D. Tilden,Benito Minicucci,2020,2021,2022,2023
7913,1037646,METTLER-TOLEDO INTL INC,external,Olivier A. Filliol,Patrick K. Kaltenbach,2020,2021,2022,2023
5331,1601712,SYNCHRONY FINANCIAL,internal,Margaret M. Keane,Brian D. Doubles,2020,2021,2022,2023
10156,1111928,IPG PHOTONICS CORP,internal,"Valentin P. Gapontsev, Ph.D.","Eugene Scherbakov, Ph.D.",2020,2021,2022,2023
2610,72741,EVERSOURCE ENERGY,internal,James J. Judge,"Joseph R. Nolan, Jr.",2020,2021,2022,2023
9281,1413329,PHILIP MORRIS INTERNATIONAL,internal,Andre Calantzopoulos,Jacek Olczak,2020,2021,2022,2023
802,723254,CINTAS CORP,internal,Scott D. Farmer,Todd M. Schneider,2020,2021,2022,2023
9224,1403568,ULTA BEAUTY INC,internal,Mary N. Dillon,David C. Kimbell,2020,2021,2022,2023
3662,100493,TYSON FOODS INC  -CL A,internal,"Samuel Dean Banks, Jr.",Donnie D. King,2020,2021,2022,2023
8079,1060391,REPUBLIC SERVICES INC,internal,Donald W. Slager,Jon Vander Ark,2020,2021,2022,2023
2710,1039684,ONEOK INC,external,Terry K. Spencer,"Pierce H. Norton, II",2020,2021,2022,2023
2346,310158,MERCK & CO,internal,Kenneth C. Frazier,Robert M. Davis,2020,2021,2022,2023
1827,1466258,TRANE TECHNOLOGIES PLC,internal,Michael W. Lamach,David S. Regnery,2020,2021,2022,2023
10114,1018724,AMAZON.COM INC,internal,Jeffrey P. Bezos,Andrew R. Jassy,2020,2021,2022,2023
6108,1757898,STERIS PLC,internal,"Walter M. Rosebrough, Jr.",Daniel A. Carestio,2020,2021,2022,2023
2619,72903,XCEL ENERGY INC,internal,"Benjamin Gwynn Stonestreet Fowke, III",Robert C. Frenzel,2020,2021,2022,2023
5026,821189,EOG RESOURCES INC,internal,William R. Thomas,Ezra Y. Yacob,2020,2021,2022,2023
1675,46080,HASBRO INC,internal,Brian D. Goldner,Christian P. Cocks,2020,2021,2022,2023
8402,1094285,TELEDYNE TECHNOLOGIES INC,internal,Aldo Pichelli,"Robert Mehrabian, Ph.D.",2020,2021,2022,2023
10358,1755672,CORTEVA INC,external,"James C. Collins, Jr.",Charles V. Magro,2020,2021,2022,2023
2965,80424,PROCTER & GAMBLE CO,internal,David S. Taylor,Jon R. Moeller,2020,2021,2022,2023
9122,1365135,WESTERN UNION CO,external,Hikmet Ersek,Devin B. McGranahan,2020,2021,2022,2023
4537,813672,CADENCE DESIGN SYSTEMS INC,internal,Lip-Bu Tan,"Anirudh Devgan, Ph.D.",2020,2021,2022,2023
4124,1113169,PRICE (T. ROWE) GROUP,internal,"William J. Stromberg, C.F.A.",Robert W. Sharps,2020,2021,2022,2023
8843,1267238,ASSURANT INC,internal,Alan B. Colberg,Keith W. Demmings,2020,2021,2022,2023
3694,1002910,AMEREN CORP,internal,"Warner L. Baxter, CPA, CPA","Martin J. Lyons, Jr.",2021,2022,2022,2023
1978,200406,JOHNSON & JOHNSON,internal,Alex Gorsky,Joaquin Duato,2021,2022,2023,2024
6464,884887,ROYAL CARIBBEAN CRUISES LTD,internal,Richard D. Fain,Jason T. Liberty,2021,2022,2023,2024
6824,915912,AVALONBAY COMMUNITIES INC,external,Timothy J. Naughton,Benjamin W. Schall,2021,2022,2023,2024
8762,1174922,WYNN RESORTS LTD,internal,Matthew Ode Maddox,Craig S. Billings,2021,2022,2023,2024
3312,92380,SOUTHWEST AIRLINES,internal,Gary C. Kelly,Robert E. Jordan,2021,2022,2023,2024
3965,783325,WEC ENERGY GROUP INC,internal,Joseph Kevin Fletcher,Scott J. Lauber,2021,2022,2023,2024
10167,1410636,AMERICAN WATER WORKS CO INC,internal,Walter J. Lynch,M. Susan Hardwick,2021,2022,2023,2024
2615,1111711,NISOURCE INC,external,Joseph J. Hamrock,Lloyd M. Yates,2021,2022,2023,2024
1888,51253,INTL FLAVORS & FRAGRANCES,external,Andreas Fibig,Frank Clyburn,2021,2022,2023,2024
6046,1707925,LINDE PLC,internal,Stephen F. Angel,Sanjiv Lamba,2021,2022,2023,2024
1740,354950,HOME DEPOT INC,internal,Craig A. Menear,Edward P. Decker,2021,2022,2023,2024
1327,753308,NEXTERA ENERGY INC,internal,James L. Robo,John W. Ketchum,2021,2022,2023,2024
16,6201,AMERICAN AIRLINES GROUP INC,internal,William Douglas Parker,"Robert D. Isom, Jr.",2021,2022,2023,2024
10061,829224,STARBUCKS CORP,external,Kevin R. Johnson,Laxman Narasimhan,2021,2022,2023,2024
8677,1071739,CENTENE CORP,internal,Michael Frederic Neidorff,Sarah M. London,2021,2022,2023,2024
4610,818479,DENTSPLY SIRONA INC,external,"Donald M. Casey, Jr.",Simon D. Campion,2021,2022,2023,2024
5303,1601046,KEYSIGHT TECHNOLOGIES INC,internal,Ronald S. Nersesian,Satish C. Dhanasekaran,2021,2022,2023,2024
2601,702165,NORFOLK SOUTHERN CORP,internal,James A. Squires,Alan H. Shaw,2021,2022,2023,2024
4239,906163,NVR INC,internal,Paul C. Saville,Eugene J. Bredow,2021,2022,2023,2024
9324,1442145,VERISK ANALYTICS INC,internal,Scott G. Stephenson,Lee M. Shavel,2021,2022,2023,2024
2150,59558,LINCOLN NATIONAL CORP,internal,Dennis Robert Glass,Ellen G. Cooper,2021,2022,2023,2024
7081,940944,DARDEN RESTAURANTS INC,internal,"Eugene I. Lee, Jr.",Ricardo Cardenas,2021,2022,2023,2024
10067,891103,MATCH GROUP INC,external,Sharmistha Dubey,Bernard Kim,2021,2022,2023,2024
1336,1048911,FEDEX CORP,internal,Frederick W. Smith,Rajesh Subramaniam,2021,2022,2023,2024
10152,1336917,UNDER ARMOUR INC,external,Patrik Frisk,Stephanie Linnartz,2021,2022,2023,2024
3366,93556,STANLEY BLACK & DECKER INC,internal,James M. Loree,"Donald Allan, Jr.",2021,2022,2023,2024
10375,1534701,PHILLIPS 66,internal,Greg C. Garland,Mark E. Lashier,2021,2022,2023,2024
1371,35527,FIFTH THIRD BANCORP,internal,Gregory D. Carmichael,Timothy N. Spence,2021,2022,2023,2024
10316,1418135,KEURIG DR PEPPER INC,internal,Robert J. Gamgort,Ozan Dokmecioglu,2021,2022,2023,2024
1027,26172,CUMMINS INC,internal,Norman Thomas Linebarger,Jennifer W. Rumsey,2021,2022,2023,2024
661,721371,CARDINAL HEALTH INC,internal,Michael C. Kaufmann,Jason M. Hollar,2021,2022,2023,2024
9584,723531,PAYCHEX INC,internal,Martin Mucci,John B. Gibson,2021,2022,2023,2024
7669,1022079,QUEST DIAGNOSTICS INC,internal,Stephen H. Rusckowski,James E. Davis,2021,2022,2023,2024
1124,29534,DOLLAR GENERAL CORP,internal,Todd J. Vasos,Jeffery C. Owen,2021,2022,2023,2024
9883,18926,LUMEN TECHNOLOGIES INC,external,Jeffrey K. Storey,Kate Johnson,2021,2022,2023,2024
10213,1418135,KEURIG DR PEPPER INC,internal,Ozan Dokmecioglu,Robert J. Gamgort,2021,2022,2023,2024
2868,1109357,EXELON CORP,internal,Christopher Mark Crane,"Calvin G. Butler, Jr.",2021,2022,2023,2024
